"occurrence_no","record_type","reid_no","flags","collection_no","identified_name","identified_rank","identified_no","difference","accepted_name","accepted_rank","accepted_no","early_interval","late_interval","max_ma","min_ma","reference_no"
"181373","occ","","","17494","Proheteromys fedti","species","50772","recombined as","Proharrymys fedti","species","50772","Geringian","","30.8","26.3","3345"
"181374","occ","","","17494","Proheteromys ironcloudi","species","50777","","Proheteromys ironcloudi","species","50777","Geringian","","30.8","26.3","3345"
"181518","occ","4405","","17516","Proheteromys gremmelsi","species","50775","","Proheteromys gremmelsi","species","50775","Arikareean","","30.8","20.43","6294"
"181576","occ","10056","","17526","Proheteromys ironcloudi","species","50777","","Proheteromys ironcloudi","species","50777","Monroecreekian","","26.3","24.8","7360"
"181577","occ","10057","","17526","Schizodontomys harkseni","species","51449","","Schizodontomys harkseni","species","46719","Monroecreekian","","26.3","24.8","7360"
"181735","occ","","","17541","Proheteromys fedti","species","50772","recombined as","Proharrymys fedti","species","50772","Arikareean","","30.8","20.43","3345"
"181782","occ","4502","","17544","Kirkomys schlaikjeri","species","47442","recombined as","Proharrymys schlaikjeri","species","46829","Geringian","","30.8","26.3","6294"
"181783","occ","","","17544","Proheteromys fedti","species","50772","recombined as","Proharrymys fedti","species","50772","Geringian","","30.8","26.3","3345"
"181784","occ","","","17544","Proheteromys ironcloudi","species","50777","","Proheteromys ironcloudi","species","50777","Geringian","","30.8","26.3","3345"
"181829","occ","","","17561","Proheteromys n. sp. ironcloudi","species","50777","","Proheteromys ironcloudi","species","50777","Monroecreekian","","26.3","24.8","2356"
"181881","occ","","","17566","Proheteromys fedti","species","50772","recombined as","Proharrymys fedti","species","50772","Geringian","","30.8","26.3","3345"
"181891","occ","","","17567","Proheteromys fedti","species","50772","recombined as","Proharrymys fedti","species","50772","Arikareean","","30.8","20.43","3345"
"182106","occ","","","17630","Proheteromys n. sp. fedti","species","50772","recombined as","Proharrymys fedti","species","50772","Geringian","","30.8","26.3","2356"
"182160","occ","4697","","17635","Proheteromys gremmelsi","species","50775","","Proheteromys gremmelsi","species","50775","Geringian","","30.8","26.3","6294"
"182226","occ","","","17638","Proheteromys n. sp. gremmelsi","species","50775","","Proheteromys gremmelsi","species","50775","Geringian","","30.8","26.3","2356"
"182249","occ","","","17641","Proheteromys fedti","species","50772","recombined as","Proharrymys fedti","species","50772","Geringian","","30.8","26.3","2356"
"182250","occ","4749","","17641","Proheteromys gremmelsi","species","50775","","Proheteromys gremmelsi","species","50775","Geringian","","30.8","26.3","6294"
"182278","occ","","","17643","Proheteromys gremmelsi","species","50775","","Proheteromys gremmelsi","species","50775","Geringian","","30.8","26.3","2356"
"182318","occ","","","17651","Proheteromys fedti","species","50772","recombined as","Proharrymys fedti","species","50772","Geringian","","30.8","26.3","2356"
"182343","occ","4801","","17659","Kirkomys schlaikjeri","species","47442","recombined as","Proharrymys schlaikjeri","species","46829","Geringian","","30.8","26.3","6294"
"182366","occ","4815","","17666","Kirkomys schlaikjeri","species","47442","recombined as","Proharrymys schlaikjeri","species","46829","Arikareean","","30.8","20.43","6294"
"182486","occ","","","17708","Kirkomys schlaikjeri","species","47442","recombined as","Proharrymys schlaikjeri","species","46829","Arikareean","","30.8","20.43","3386"
"182550","occ","4899","","17726","Harrymys cf. magnus","species","46813","","Harrymys magnus","species","50779","Geringian","Monroecreekian","30.8","24.8","936"
"182552","occ","","","17726","Proheteromys cf. floridanus","species","50773","","Proheteromys floridanus","species","50773","Geringian","Monroecreekian","30.8","24.8","936"
"182577","occ","","","17734","Dikkomys n. sp. matthewi","species","45737","","Dikkomys matthewi","species","45737","Harrisonian","","24.8","20.43","3723"
"182647","occ","","","17749","Proheteromys n. sp. matthewi","species","50780","","Proheteromys matthewi","species","50780","Harrisonian","","24.8","20.43","2356"
"182693","occ","4961","","17764","Harrymys cf. magnus","species","46813","","Harrymys magnus","species","50779","Harrisonian","","24.8","20.43","936"
"183032","occ","5058","","17825","Schizodontomys harkseni","species","51449","","Schizodontomys harkseni","species","46719","Harrisonian","","24.8","20.43","6294"
"183033","occ","","","17825","Dikkomys matthewi","species","45737","","Dikkomys matthewi","species","45737","Harrisonian","","24.8","20.43","2356"
"183038","occ","5061","","17829","Schizodontomys harkseni","species","51449","","Schizodontomys harkseni","species","46719","Harrisonian","","24.8","20.43","6294"
"183082","occ","5074","","17837","Harrymys cf. magnus","species","46813","","Harrymys magnus","species","50779","Harrisonian","","24.8","20.43","936"
"183084","occ","","","17837","Proheteromys floridanus","species","50773","","Proheteromys floridanus","species","50773","Harrisonian","","24.8","20.43","2610"
"183102","occ","19127","","17843","Dikkomys matthewi","species","45737","","Dikkomys matthewi","species","45737","Harrisonian","","24.8","20.43","19303"
"183108","occ","","","17844","Proheteromys n. sp. cejanus","species","50770","","Proheteromys cejanus","species","50770","Harrisonian","","24.8","20.43","1587"
"183109","occ","","","17844","Proheteromys aff. floridanus","species","50773","","Proheteromys floridanus","species","50773","Harrisonian","","24.8","20.43","1587"
"183128","occ","","","17847","Schizodontomys sulcidens","species","51450","","Schizodontomys sulcidens","species","51450","Harrisonian","","24.8","20.43","2132"
"183144","occ","5092","","17852","Trogomys n. sp. rupinimenthae","species","52523","","Trogomys rupinimenthae","species","52523","Arikareean","","30.8","20.43","2851"
"183174","occ","","","17859","Proheteromys cf. floridanus","species","50773","","Proheteromys floridanus","species","50773","Arikareean","","30.8","20.43","2610"
"183175","occ","5107","","17859","Harrymys cf. magnus","species","46813","","Harrymys magnus","species","50779","Arikareean","","30.8","20.43","6294"
"183200","occ","","","17865","Schizodontomys n. sp. amnicolus","species","51447","","Schizodontomys amnicolus","species","51447","Hemingfordian","","20.43","15.97","2152"
"183253","occ","","","17877","Dikkomys matthewi","species","45737","","Dikkomys matthewi","species","45737","Hemingfordian","","20.43","15.97","2408"
"183254","occ","","","17877","Schizodontomys harkseni","species","51449","","Schizodontomys harkseni","species","46719","Hemingfordian","","20.43","15.97","2408"
"183277","occ","5131","","17878","Dikkomys matthewi","species","45737","","Dikkomys matthewi","species","45737","Hemingfordian","","20.43","15.97","1716"
"183329","occ","","","17889","Harrymys magnus","species","46813","","Harrymys magnus","species","50779","Late Hemingfordian","","20.43","15.97","975"
"183348","occ","","","17892","Stratimus n. sp. strobeli","species","51825","","Stratimus strobeli","species","51825","Hemingfordian","","20.43","15.97","2152"
"183349","occ","","","17892","Schizodontomys amnicolus","species","51447","","Schizodontomys amnicolus","species","51447","Hemingfordian","","20.43","15.97","2152"
"183457","occ","","","17911","Peridiomys n. sp. rusticus","species","50165","","Peridiomys rusticus","species","50165","Hemingfordian","","20.43","15.97","3175"
"183484","occ","","","17912","Dikkomys matthewi","species","45737","","Dikkomys matthewi","species","45737","Hemingfordian","","20.43","15.97","2408"
"183485","occ","","","17912","Schizodontomys harkseni","species","51449","","Schizodontomys harkseni","species","46719","Hemingfordian","","20.43","15.97","2408"
"183516","occ","","","17913","Dikkomys matthewi","species","45737","","Dikkomys matthewi","species","45737","Hemingfordian","","20.43","15.97","2408"
"183517","occ","","","17913","Schizodontomys harkseni","species","51449","","Schizodontomys harkseni","species","46719","Hemingfordian","","20.43","15.97","2408"
"183530","occ","","","17914","Schizodontomys harkseni","species","51449","","Schizodontomys harkseni","species","46719","Hemingfordian","","20.43","15.97","2408"
"183586","occ","","","17924","Schizodontomys amnicolus","species","51447","","Schizodontomys amnicolus","species","51447","Hemingfordian","","20.43","15.97","2132"
"183604","occ","","","17925","Schizodontomys greeni","species","51448","","Schizodontomys greeni","species","51448","Hemingfordian","","20.43","15.97","1547"
"183757","occ","","","17965","Proheteromys sulculus","species","50785","","Proheteromys sulculus","species","50785","Hemingfordian","","20.43","15.97","3703"
"183758","occ","","","17965","Stratimus strobeli","species","51825","","Stratimus strobeli","species","51825","Hemingfordian","","20.43","15.97","2152"
"183836","occ","","","17979","Peridiomys rusticus","species","50165","","Peridiomys rusticus","species","50165","Hemingfordian","","20.43","15.97","2132"
"183957","occ","","","18003","Stratimus strobeli","species","51825","","Stratimus strobeli","species","51825","Hemingfordian","","20.43","15.97","2152"
"183992","occ","5309","","18007","Harrymys cf. magnus","species","46813","","Harrymys magnus","species","50779","Hemingfordian","","20.43","15.97","6294"
"183993","occ","","","18007","Schizodontomys amnicolus","species","51447","","Schizodontomys amnicolus","species","51447","Hemingfordian","","20.43","15.97","2152"
"183994","occ","","","18008","Schizodontomys amnicolus","species","51447","","Schizodontomys amnicolus","species","51447","Hemingfordian","","20.43","15.97","2152"
"183996","occ","","","18009","Schizodontomys amnicolus","species","51447","","Schizodontomys amnicolus","species","51447","Hemingfordian","","20.43","15.97","2152"
"183998","occ","","","18010","Schizodontomys harkseni","species","51449","","Schizodontomys harkseni","species","46719","Hemingfordian","","20.43","15.97","2636"
"184066","occ","","","18027","Perognathus trojectioansrum","species","50228","","Perognathus trojectioansrum","species","50228","Barstovian","","15.97","13.6","3510"
"184067","occ","","","18027","Cupidinimus nebraskensis","species","45396","","Cupidinimus nebraskensis","species","45396","Barstovian","","15.97","13.6","3510"
"184068","occ","5325","","18027","Mioheteromys amplissimus","species","48700","","Mioheteromys amplissimus","species","48700","Barstovian","","15.97","13.6","2132"
"184071","occ","","","18027","Lignimus cf. montis","species","47666","","Lignimus montis","species","47666","Barstovian","","15.97","13.6","3510"
"184103","occ","","","18031","Mioheteromys amplissimus","species","48700","","Mioheteromys amplissimus","species","48700","Barstovian","","15.97","13.6","2132"
"184104","occ","","","18031","Perognathus trojectioansrum","species","50228","","Perognathus trojectioansrum","species","50228","Barstovian","","15.97","13.6","3510"
"184105","occ","","","18031","Perognathus brevidens","species","50192","","Perognathus brevidens","species","50192","Barstovian","","15.97","13.6","3510"
"184106","occ","","","18031","Cupidinimus nebraskensis","species","45396","","Cupidinimus nebraskensis","species","45396","Barstovian","","15.97","13.6","3510"
"184342","occ","5410","","18066","Perognathus cf. minutus","species","50216","","Perognathus minutus","species","50216","Late Clarendonian","","13.6","10.3","2133"
"184343","occ","5411","","18066","Cupidinimus prattensis","species","45397","","Cupidinimus prattensis","species","45397","Late Clarendonian","","13.6","10.3","6294"
"184344","occ","5412","","18066","Cupidinimus cf. tertius","species","45401","","Cupidinimus tertius","species","45856","Late Clarendonian","","13.6","10.3","2133"
"184434","occ","","","18076","Perognathus cf. mclaughlini","species","50214","","Perognathus mclaughlini","species","50214","Late Hemphillian","","10.3","4.9","1874"
"184500","occ","5464","","18082","Mioheteromys agrarius","species","48699","recombined as","Diprionomys agrarius","species","45848","Clarendonian","","13.6","10.3","6294"
"184586","occ","","","18090","Cupidinimus nebraskensis","species","45396","","Cupidinimus nebraskensis","species","45396","Barstovian","","15.97","13.6","3510"
"184645","occ","","","18095","Mioheteromys n. sp. agrarius","species","48699","recombined as","Diprionomys agrarius","species","45848","Clarendonian","","13.6","10.3","2132"
"184736","occ","","","18102","Cupidinimus nebraskensis","species","45396","","Cupidinimus nebraskensis","species","45396","Barstovian","","15.97","13.6","781"
"184847","occ","","","18121","Cupidinimus nebraskensis","species","45396","","Cupidinimus nebraskensis","species","45396","Barstovian","","15.97","13.6","3510"
"185013","occ","","","18140","Perognathus n. sp. dunklei","species","50197","","Perognathus dunklei","species","50197","Hemphillian","","10.3","4.9","1842"
"185014","occ","5610","","18140","Prodipodomys kansensis","species","50760","","Prodipodomys kansensis","species","45826","Hemphillian","","10.3","4.9","1839"
"185043","occ","","","18141","Perognathus trojectioansrum","species","50228","","Perognathus trojectioansrum","species","50228","Barstovian","","15.97","13.6","3503"
"185044","occ","5622","","18141","Cupidinimus nebraskensis","species","45396","","Cupidinimus nebraskensis","species","45396","Barstovian","","15.97","13.6","3510"
"185046","occ","","","18141","Lignimus cf. montis","species","47666","","Lignimus montis","species","47666","Barstovian","","15.97","13.6","3503"
"185130","occ","","","18159","Mioheteromys agrarius","species","48699","recombined as","Diprionomys agrarius","species","45848","Clarendonian","","13.6","10.3","2132"
"185173","occ","","","18164","Perognathus trojectioansrum","species","50228","","Perognathus trojectioansrum","species","50228","Barstovian","","15.97","13.6","3510"
"185174","occ","","","18164","Perognathus brevidens","species","50192","","Perognathus brevidens","species","50192","Barstovian","","15.97","13.6","3510"
"185175","occ","","","18164","Cupidinimus nebraskensis","species","45396","","Cupidinimus nebraskensis","species","45396","Barstovian","","15.97","13.6","3510"
"185211","occ","5671","","18165","Mookomys altifluminis","species","48808","","Mookomys altifluminis","species","48808","Barstovian","","15.97","13.6","6294"
"185212","occ","","","18165","Cupidinimus nebraskensis","species","45396","","Cupidinimus nebraskensis","species","45396","Barstovian","","15.97","13.6","7564"
"185367","occ","","","18192","Cupidinimus nebraskensis","species","45396","","Cupidinimus nebraskensis","species","45396","Barstovian","","15.97","13.6","3510"
"185509","occ","","","18206","Perognathus trojectioansrum","species","50228","","Perognathus trojectioansrum","species","50228","Barstovian","","15.97","13.6","3510"
"185510","occ","","","18206","Cupidinimus nebraskensis","species","45396","","Cupidinimus nebraskensis","species","45396","Barstovian","","15.97","13.6","3510"
"185552","occ","","","18208","Perognathus trojectioansrum","species","50228","","Perognathus trojectioansrum","species","50228","Barstovian","","15.97","13.6","781"
"185553","occ","5771","","18208","Perognathus cf. brevidens","species","50192","","Perognathus brevidens","species","50192","Barstovian","","15.97","13.6","6294"
"185554","occ","","","18208","Cupidinimus nebraskensis","species","45396","","Cupidinimus nebraskensis","species","45396","Barstovian","","15.97","13.6","781"
"185555","occ","","","18208","Peridiomys rusticus","species","50165","","Peridiomys rusticus","species","50165","Barstovian","","15.97","13.6","781"
"185587","occ","","","18209","Perognathus trojectioansrum","species","50228","","Perognathus trojectioansrum","species","50228","Barstovian","","15.97","13.6","3510"
"185588","occ","","","18209","Cupidinimus nebraskensis","species","45396","","Cupidinimus nebraskensis","species","45396","Barstovian","","15.97","13.6","3510"
"185907","occ","5865","","18240","Perognathus cf. brevidens","species","50192","","Perognathus brevidens","species","50192","Barstovian","","15.97","13.6","6294"
"185908","occ","","","18240","Cupidinimus nebraskensis","species","45396","","Cupidinimus nebraskensis","species","45396","Barstovian","","15.97","13.6","3510"
"185910","occ","","","18240","cf. Lignimus montis","species","47666","","Lignimus montis","species","47666","Barstovian","","15.97","13.6","3510"
"186058","occ","","","18259","Cupidinimus nebraskensis","species","45396","","Cupidinimus nebraskensis","species","45396","Miocene","","23.03","5.333","3510"
"186085","occ","","","18261","Cupidinimus nebraskensis","species","45396","","Cupidinimus nebraskensis","species","45396","Barstovian","","15.97","13.6","3510"
"186086","occ","","","18261","Lignimus cf. montis","species","47666","","Lignimus montis","species","47666","Barstovian","","15.97","13.6","3510"
"186140","occ","5913","","18268","Prodipodomys cf. coquorum","species","50755","recombined as","Perognathus coquorum","species","50195","Clarendonian","","13.6","10.3","6294"
"186199","occ","","","18275","Cupidinimus nebraskensis","species","45396","","Cupidinimus nebraskensis","species","45396","Barstovian","","15.97","13.6","3510"
"186247","occ","","","18281","Mioheteromys n. sp. amplissimus","species","48700","","Mioheteromys amplissimus","species","48700","Barstovian","","15.97","13.6","2132"
"186248","occ","","","18281","Balantiomys borealis","species","44423","recombined as","Peridiomys borealis","species","50160","Barstovian","","15.97","13.6","2132"
"186288","occ","10110","","18284","Perognathus trojectioansrum","species","50228","","Perognathus trojectioansrum","species","50228","Barstovian","","15.97","13.6","3510"
"186289","occ","5961","","18284","Perognathus brevidens","species","50192","","Perognathus brevidens","species","50192","Barstovian","","15.97","13.6","2108"
"186290","occ","","","18284","Cupidinimus nebraskensis","species","45396","","Cupidinimus nebraskensis","species","45396","Barstovian","","15.97","13.6","7564"
"186292","occ","5963","","18284","Mioheteromys amplissimus","species","48700","","Mioheteromys amplissimus","species","48700","Barstovian","","15.97","13.6","2132"
"186295","occ","","","18284","Lignimus cf. montis","species","47666","","Lignimus montis","species","47666","Barstovian","","15.97","13.6","3510"
"186500","occ","","","18313","cf. Cupidinimus nebraskensis","species","45396","","Cupidinimus nebraskensis","species","45396","Miocene","","23.03","5.333","3510"
"186609","occ","","","18324","Mioheteromys cf. amplissimus","species","48700","","Mioheteromys amplissimus","species","48700","Clarendonian","","13.6","10.3","2133"
"186657","occ","","","18327","Mioheteromys cf. agrarius","species","48699","recombined as","Diprionomys agrarius","species","45848","Late Clarendonian","","13.6","10.3","2136"
"186658","occ","","","18327","Cupidinimus n. sp. prattensis","species","45397","","Cupidinimus prattensis","species","45397","Late Clarendonian","","13.6","10.3","2136"
"186688","occ","","","18332","Cupidinimus nebraskensis","species","45396","","Cupidinimus nebraskensis","species","45396","Barstovian","","15.97","13.6","3510"
"186764","occ","","","18344","Perognathus cf. trojectioansrum","species","50228","","Perognathus trojectioansrum","species","50228","Clarendonian","","13.6","10.3","3356"
"186795","occ","","","18350","cf. Cupidinimus nebraskensis","species","45396","","Cupidinimus nebraskensis","species","45396","Miocene","","23.03","5.333","3510"
"186957","occ","","","18376","Cupidinimus nebraskensis","species","45396","","Cupidinimus nebraskensis","species","45396","Barstovian","","15.97","13.6","3510"
"187034","occ","","","18397","Perognathus trojectioansrum","species","50228","","Perognathus trojectioansrum","species","50228","Barstovian","","15.97","13.6","2129"
"187035","occ","","","18397","Perognathus brevidens","species","50192","","Perognathus brevidens","species","50192","Barstovian","","15.97","13.6","2129"
"187036","occ","","","18397","Cupidinimus n. sp. smaragdinus","species","45400","","Cupidinimus smaragdinus","species","45400","Barstovian","","15.97","13.6","2129"
"187037","occ","6172","","18397","Mioheteromys arcarius","species","48701","","Mioheteromys arcarius","species","45849","Barstovian","","15.97","13.6","2129"
"187038","occ","","","18397","Lignimus n. sp. austridakotensis","species","47664","","Lignimus austridakotensis","species","47664","Barstovian","","15.97","13.6","2129"
"187176","occ","","","18434","Mioheteromys agrarius","species","48699","recombined as","Diprionomys agrarius","species","45848","Clarendonian","","13.6","10.3","2132"
"187177","occ","","","18435","Cupidinimus nebraskensis","species","45396","","Cupidinimus nebraskensis","species","45396","Barstovian","","15.97","13.6","1018"
"187218","occ","","","18442","Perognathus cf. furlongi","species","50203","","Perognathus furlongi","species","50203","Barstovian","","15.97","13.6","1467"
"187219","occ","","","18442","Perognathus trojectioansrum","species","50228","","Perognathus trojectioansrum","species","50228","Barstovian","","15.97","13.6","3510"
"187220","occ","","","18442","Cupidinimus nebraskensis","species","45396","","Cupidinimus nebraskensis","species","45396","Barstovian","","15.97","13.6","7564"
"187370","occ","6278","","18452","Cupidinimus prattensis","species","45397","","Cupidinimus prattensis","species","45397","Clarendonian","","13.6","10.3","6294"
"187380","occ","","","18454","Perognathus trojectioansrum","species","50228","","Perognathus trojectioansrum","species","50228","Barstovian","","15.97","13.6","3510"
"187381","occ","","","18454","Cupidinimus nebraskensis","species","45396","","Cupidinimus nebraskensis","species","45396","Barstovian","","15.97","13.6","3510"
"187605","occ","","","18498","Cupidinimus nebraskensis","species","45396","","Cupidinimus nebraskensis","species","45396","Barstovian","","15.97","13.6","3510"
"187610","occ","6368","","18499","Prodipodomys coquorum","species","50755","recombined as","Perognathus coquorum","species","50195","Hemphillian","","10.3","4.9","6294"
"187690","occ","","","18512","Proheteromys floridanus","species","50773","","Proheteromys floridanus","species","50773","Late Hemingfordian","","20.43","15.97","2614"
"187790","occ","","","18538","Perognathus cf. minutus","species","50216","","Perognathus minutus","species","50216","Early Barstovian","","15.97","13.6","1145"
"187833","occ","","","18549","Perognathus cf. minutus","species","50216","","Perognathus minutus","species","50216","Early Barstovian","","15.97","13.6","1145"
"187960","occ","6505","","18561","Harrymys magnus","species","46813","","Harrymys magnus","species","50779","Hemingfordian","","20.43","15.97","6294"
"187961","occ","","","18561","Proheteromys n. sp. floridanus","species","50773","","Proheteromys floridanus","species","50773","Hemingfordian","","20.43","15.97","3135"
"188088","occ","6546","","18579","Harrymys magnus","species","46813","","Harrymys magnus","species","50779","Early Hemingfordian","","20.43","15.97","6294"
"188138","occ","","","18586","Proheteromys floridanus","species","50773","","Proheteromys floridanus","species","50773","Hemingfordian","","20.43","15.97","2692"
"188176","occ","6577","","18597","Harrymys magnus","species","46813","","Harrymys magnus","species","50779","Hemingfordian","","20.43","15.97","6294"
"188177","occ","","","18597","Proheteromys floridanus","species","50773","","Proheteromys floridanus","species","50773","Hemingfordian","","20.43","15.97","2690"
"188585","occ","","","18663","Proheteromys n. sp. sabinensis","species","50784","","Proheteromys sabinensis","species","50784","Aquitanian","","23.03","20.44","934"
"188586","occ","","","18663","Proheteromys n. sp. toledoensis","species","50787","","Proheteromys toledoensis","species","50787","Aquitanian","","23.03","20.44","934"
"188918","occ","","","18755","Prodipodomys idahoensis","species","50759","","Prodipodomys idahoensis","species","50759","Late Hemphillian","","10.3","4.9","2245"
"188994","occ","","","18759","Harrymys n. sp. canadensis","species","46811","","Harrymys canadensis","species","46811","Barstovian","","15.97","13.6","2125"
"188995","occ","6872","","18759","Perognathus trojectioansrum","species","50228","","Perognathus trojectioansrum","species","50228","Barstovian","","15.97","13.6","6294"
"188996","occ","6873","","18759","Cupidinimus saskatchewanensis","species","45399","recombined as","Perognathus saskatchewanensis","species","50224","Barstovian","","15.97","13.6","6294"
"188997","occ","6874","","18759","Cupidinimus kleinfelderi","species","45391","recombined as","Perognathoides kleinfelderi","species","50182","Barstovian","","15.97","13.6","6294"
"188998","occ","6875","","18759","Balantiomys borealis","species","44423","recombined as","Peridiomys borealis","species","50160","Barstovian","","15.97","13.6","6294"
"188999","occ","6876","","18759","Mioheteromys arcarius","species","48701","","Mioheteromys arcarius","species","45849","Barstovian","","15.97","13.6","6294"
"189000","occ","","","18759","Lignimus montis","species","47666","","Lignimus montis","species","47666","Barstovian","","15.97","13.6","3295"
"189195","occ","","","18803","Mookomys n. sp. thrinax","species","48813","","Mookomys thrinax","species","48813","Early Barstovian","","15.97","13.6","3342"
"189196","occ","6974","","18803","Proheteromys cf. formicarum","species","50774","recombined as","Mookomys formicarum","species","48810","Early Barstovian","","15.97","13.6","6294"
"189198","occ","","","18803","Peridiomys n. sp. halis","species","50161","","Peridiomys halis","species","50161","Early Barstovian","","15.97","13.6","3342"
"189199","occ","","","18803","Perognathus n. sp. ancenensis","species","50186","","Perognathus ancenensis","species","50186","Early Barstovian","","15.97","13.6","3342"
"189201","occ","","","18803","Cupidinimus madisonensis","species","45393","subjective synonym of","Cupidinimus halli","species","50181","Early Barstovian","","15.97","13.6","3342"
"189202","occ","","","18803","Cupidinimus cf. eurekensis","species","45389","recombined as","Perognathoides eurekensis","species","50180","Early Barstovian","","15.97","13.6","3342"
"189255","occ","","","18807","Diprionomys cf. parvus","species","45853","","Diprionomys parvus","species","45853","Hemphillian","","10.3","4.9","3118"
"189256","occ","","","18807","Pliosaccomys magnus","species","50606","recombined as","Cupidinimus magnus","species","45850","Hemphillian","","10.3","4.9","3118"
"189439","occ","","","18845","Perognathus cf. minutus","species","50216","","Perognathus minutus","species","50216","Clarendonian","","13.6","10.3","1489"
"189440","occ","7071","","18845","Cupidinimus quartus","species","45398","recombined as","Perognathoides quartus","species","45854","Clarendonian","","13.6","10.3","6294"
"189441","occ","7072","","18845","Cupidinimus cuyamensis","species","45388","","Cupidinimus cuyamensis","species","50179","Clarendonian","","13.6","10.3","6294"
"189559","occ","","","18868","Perognathus furlongi","species","50203","","Perognathus furlongi","species","50203","Barstovian","","15.97","13.6","1019"
"189560","occ","7107","","18868","Cupidinimus whitlocki","species","45402","","Cupidinimus whitlocki","species","45402","Barstovian","","15.97","13.6","1018"
"189562","occ","7109","","18868","Mioheteromys amplissimus","species","48700","","Mioheteromys amplissimus","species","48700","Barstovian","","15.97","13.6","2132"
"189625","occ","","","18888","Diprionomys cf. parvus","species","45853","","Diprionomys parvus","species","45853","Clarendonian","","13.6","10.3","1236"
"189626","occ","7138","","18888","Cupidinimus quartus","species","45398","recombined as","Perognathoides quartus","species","45854","Clarendonian","","13.6","10.3","6294"
"189627","occ","7139","","18888","Cupidinimus tertius","species","45401","","Cupidinimus tertius","species","45856","Clarendonian","","13.6","10.3","6294"
"189832","occ","","","18936","Diprionomys parvus","species","45853","","Diprionomys parvus","species","45853","Hemphillian","","10.3","4.9","3118"
"189850","occ","","","18939","Perognathus stevei","species","50226","","Perognathus stevei","species","50226","Hemphillian","","10.3","4.9","2411"
"189851","occ","","","18939","Oregonomys n. sp. pebblespringsensis","species","49377","","Oregonomys pebblespringsensis","species","49377","Hemphillian","","10.3","4.9","2411"
"189860","occ","","","18940","Perognathus stevei","species","50226","","Perognathus stevei","species","50226","Hemphillian","","10.3","4.9","2411"
"189861","occ","","","18940","Oregonomys pebblespringsensis","species","49377","","Oregonomys pebblespringsensis","species","49377","Hemphillian","","10.3","4.9","2411"
"189893","occ","","","18944","Diprionomys parvus","species","45853","","Diprionomys parvus","species","45853","Hemphillian","","10.3","4.9","3118"
"189894","occ","","","18944","Pliosaccomys cf. magnus","species","50606","recombined as","Cupidinimus magnus","species","45850","Hemphillian","","10.3","4.9","3118"
"190018","occ","7280","","18970","Oregonomys sargenti","species","49378","","Oregonomys sargenti","species","50223","Hemphillian","","10.3","4.9","6294"
"190112","occ","","","18990","Perognathus furlongi","species","50203","","Perognathus furlongi","species","50203","Barstovian","","15.97","13.6","1019"
"190113","occ","7313","","18990","Cupidinimus whitlocki","species","45402","","Cupidinimus whitlocki","species","45402","Barstovian","","15.97","13.6","1018"
"190115","occ","7315","","18990","Mioheteromys amplissimus","species","48700","","Mioheteromys amplissimus","species","48700","Barstovian","","15.97","13.6","2132"
"190193","occ","7344","","19011","Balantiomys oregonensis","species","44426","recombined as","Peridiomys oregonensis","species","45852","Barstovian","","15.97","13.6","6294"
"190277","occ","7381","","19017","Balantiomys oregonensis","species","44426","recombined as","Peridiomys oregonensis","species","45852","Barstovian","","15.97","13.6","6294"
"190453","occ","7448","","19056","Balantiomys oregonensis","species","44426","recombined as","Peridiomys oregonensis","species","45852","Barstovian","","15.97","13.6","6294"
"190516","occ","","","19073","Schizodontomys harkseni","species","51449","","Schizodontomys harkseni","species","46719","Hemingfordian","","20.43","15.97","2634"
"190517","occ","","","19073","Harrymys irvini","species","46812","","Harrymys irvini","species","46812","Hemingfordian","","20.43","15.97","2634"
"190553","occ","","","19074","Schizodontomys harkseni","species","51449","","Schizodontomys harkseni","species","46719","Hemingfordian","","20.43","15.97","2634"
"190554","occ","","","19074","Harrymys irvini","species","46812","","Harrymys irvini","species","46812","Hemingfordian","","20.43","15.97","2634"
"190583","occ","","","19075","Schizodontomys harkseni","species","51449","","Schizodontomys harkseni","species","46719","Hemingfordian","","20.43","15.97","2634"
"190584","occ","","","19075","Harrymys irvini","species","46812","","Harrymys irvini","species","46812","Hemingfordian","","20.43","15.97","2634"
"190585","occ","","","19075","Harrymys woodi","species","46814","","Harrymys woodi","species","45738","Hemingfordian","","20.43","15.97","2634"
"190613","occ","","","19076","Harrymys irvini","species","46812","","Harrymys irvini","species","46812","Hemingfordian","","20.43","15.97","2634"
"190614","occ","","","19076","Harrymys woodi","species","46814","","Harrymys woodi","species","45738","Hemingfordian","","20.43","15.97","2634"
"190655","occ","","","19079","Harrymys irvini","species","46812","","Harrymys irvini","species","46812","Hemingfordian","","20.43","15.97","2634"
"190699","occ","","","19085","Oregonomys cf. pebblespringsensis","species","49377","","Oregonomys pebblespringsensis","species","49377","Hemphillian","","10.3","4.9","1052"
"190787","occ","","","19095","Diprionomys n. sp. parvus","species","45853","","Diprionomys parvus","species","45853","Hemphillian","","10.3","4.9","3234"
"190788","occ","7572","","19095","Pliosaccomys magnus","species","50606","recombined as","Cupidinimus magnus","species","45850","Hemphillian","","10.3","4.9","6294"
"190901","occ","","","19116","Perognathus n. sp. stevei","species","50226","","Perognathus stevei","species","50226","Hemphillian","","10.3","4.9","2411"
"190902","occ","","","19116","Oregonomys pebblespringsensis","species","49377","","Oregonomys pebblespringsensis","species","49377","Hemphillian","","10.3","4.9","2411"
"190952","occ","7636","","19139","Heliscomys subtilis","species","46831","recombined as","Mookomys subtilis","species","48812","Barstovian","","15.97","13.6","6294"
"190953","occ","","","19139","Proheteromys sulculus","species","50785","","Proheteromys sulculus","species","50785","Barstovian","","15.97","13.6","2881"
"190954","occ","","","19139","Cupidinimus boronensis","species","45387","","Cupidinimus boronensis","species","45387","Barstovian","","15.97","13.6","2881"
"190962","occ","","","19141","Proheteromys sulculus","species","50785","","Proheteromys sulculus","species","50785","Barstovian","","15.97","13.6","2881"
"190963","occ","","","19141","Perognathus minutus","species","50216","","Perognathus minutus","species","50216","Barstovian","","15.97","13.6","2881"
"190964","occ","","","19141","Perognathus furlongi","species","50203","","Perognathus furlongi","species","50203","Barstovian","","15.97","13.6","2881"
"190965","occ","","","19141","Cupidinimus lindsayi","species","45392","","Cupidinimus lindsayi","species","45392","Barstovian","","15.97","13.6","2881"
"190966","occ","","","19141","Cupidinimus halli","species","45390","","Cupidinimus halli","species","50181","Barstovian","","15.97","13.6","2881"
"190967","occ","7641","","19141","Balantiomys cf. oregonensis","species","44426","recombined as","Peridiomys oregonensis","species","45852","Barstovian","","15.97","13.6","6294"
"190969","occ","","","19141","Diprionomys cf. parvus","species","45853","","Diprionomys parvus","species","45853","Barstovian","","15.97","13.6","2881"
"190986","occ","","","19145","Perognathus minutus","species","50216","","Perognathus minutus","species","50216","Clarendonian","","13.6","10.3","3628"
"190988","occ","7647","","19145","Cupidinimus avawatzensis","species","45385","","Cupidinimus avawatzensis","species","45385","Clarendonian","","13.6","10.3","1018"
"191043","occ","7672","","19170","Cupidinimus lindsayi","species","45392","","Cupidinimus lindsayi","species","45392","Barstovian","","15.97","13.6","1018"
"191050","occ","","","19173","Perognathus minutus","species","50216","","Perognathus minutus","species","50216","Barstovian","","15.97","13.6","2243"
"191051","occ","","","19173","Perognathus furlongi","species","50203","","Perognathus furlongi","species","50203","Barstovian","","15.97","13.6","2243"
"191052","occ","7674","","19173","Cupidinimus lindsayi","species","45392","","Cupidinimus lindsayi","species","45392","Barstovian","","15.97","13.6","1018"
"191055","occ","7676","","19174","Cupidinimus lindsayi","species","45392","","Cupidinimus lindsayi","species","45392","Barstovian","","15.97","13.6","1018"
"191056","occ","7677","","19174","Cupidinimus halli","species","45390","","Cupidinimus halli","species","50181","Barstovian","","15.97","13.6","6294"
"191075","occ","","","19181","Perognathus furlongi","species","50203","","Perognathus furlongi","species","50203","Clarendonian","","13.6","10.3","2012"
"191076","occ","","","19181","Perognathus minutus","species","50216","","Perognathus minutus","species","50216","Clarendonian","","13.6","10.3","2012"
"191088","occ","7689","","19184","Cupidinimus halli","species","45390","","Cupidinimus halli","species","50181","Barstovian","","15.97","13.6","6294"
"191137","occ","7709","","19193","Proheteromys cf. formicarum","species","50774","recombined as","Mookomys formicarum","species","48810","Barstovian","","15.97","13.6","6294"
"191138","occ","","","19193","Perognathus minutus","species","50216","","Perognathus minutus","species","50216","Barstovian","","15.97","13.6","2243"
"191139","occ","","","19193","Perognathus furlongi","species","50203","","Perognathus furlongi","species","50203","Barstovian","","15.97","13.6","2243"
"191140","occ","7710","","19193","Cupidinimus lindsayi","species","45392","","Cupidinimus lindsayi","species","45392","Barstovian","","15.97","13.6","1018"
"191141","occ","7711","","19193","Cupidinimus halli","species","45390","","Cupidinimus halli","species","50181","Barstovian","","15.97","13.6","6294"
"191149","occ","","","19194","Trogomys cf. rupinimenthae","species","52523","","Trogomys rupinimenthae","species","52523","Hemingfordian","","20.43","15.97","3625"
"191150","occ","","","19194","Cupidinimus n. sp. boronensis","species","45387","","Cupidinimus boronensis","species","45387","Hemingfordian","","20.43","15.97","3625"
"191310","occ","","","19271","Perognathus minutus","species","50216","","Perognathus minutus","species","50216","Barstovian","","15.97","13.6","2243"
"191311","occ","","","19271","Perognathus furlongi","species","50203","","Perognathus furlongi","species","50203","Barstovian","","15.97","13.6","2243"
"191312","occ","7766","","19271","Cupidinimus lindsayi","species","45392","","Cupidinimus lindsayi","species","45392","Barstovian","","15.97","13.6","1018"
"191313","occ","7767","","19271","Cupidinimus halli","species","45390","","Cupidinimus halli","species","50181","Barstovian","","15.97","13.6","6294"
"191349","occ","7782","","19279","Cupidinimus lindsayi","species","45392","","Cupidinimus lindsayi","species","45392","Barstovian","","15.97","13.6","1018"
"191350","occ","7783","","19279","Cupidinimus halli","species","45390","","Cupidinimus halli","species","50181","Barstovian","","15.97","13.6","6294"
"191361","occ","7787","","19280","Cupidinimus lindsayi","species","45392","","Cupidinimus lindsayi","species","45392","Barstovian","","15.97","13.6","1018"
"191362","occ","7788","","19280","Cupidinimus halli","species","45390","","Cupidinimus halli","species","50181","Barstovian","","15.97","13.6","6294"
"191372","occ","","","19281","Perognathus minutus","species","50216","","Perognathus minutus","species","50216","Barstovian","","15.97","13.6","2243"
"191373","occ","","","19281","Perognathus furlongi","species","50203","","Perognathus furlongi","species","50203","Barstovian","","15.97","13.6","2243"
"191374","occ","7792","","19281","Cupidinimus lindsayi","species","45392","","Cupidinimus lindsayi","species","45392","Barstovian","","15.97","13.6","1018"
"191375","occ","7793","","19281","Cupidinimus halli","species","45390","","Cupidinimus halli","species","50181","Barstovian","","15.97","13.6","6294"
"191379","occ","7795","","19282","Cupidinimus halli","species","45390","","Cupidinimus halli","species","50181","Barstovian","","15.97","13.6","6294"
"191380","occ","7796","","19283","Cupidinimus halli","species","45390","","Cupidinimus halli","species","50181","Barstovian","","15.97","13.6","6294"
"191381","occ","7797","","19284","Cupidinimus halli","species","45390","","Cupidinimus halli","species","50181","Barstovian","","15.97","13.6","6294"
"191453","occ","7828","","19304","Proheteromys cf. formicarum","species","50774","recombined as","Mookomys formicarum","species","48810","Barstovian","","15.97","13.6","6294"
"191454","occ","","","19304","Perognathus furlongi","species","50203","","Perognathus furlongi","species","50203","Barstovian","","15.97","13.6","2243"
"191455","occ","7829","","19304","Cupidinimus lindsayi","species","45392","","Cupidinimus lindsayi","species","45392","Barstovian","","15.97","13.6","1018"
"191456","occ","7830","","19304","Cupidinimus halli","species","45390","","Cupidinimus halli","species","50181","Barstovian","","15.97","13.6","6294"
"191465","occ","7835","","19305","Proheteromys formicarum","species","50774","recombined as","Mookomys formicarum","species","48810","Barstovian","","15.97","13.6","2247"
"191467","occ","","","19305","Cupidinimus lindsayi","species","45392","","Cupidinimus lindsayi","species","45392","Barstovian","","15.97","13.6","2247"
"191468","occ","","","19305","Cupidinimus halli","species","45390","","Cupidinimus halli","species","50181","Barstovian","","15.97","13.6","2246"
"191477","occ","","","19309","Perognathus cf. furlongi","species","50203","","Perognathus furlongi","species","50203","Miocene","","23.03","5.333","2880"
"191478","occ","","","19309","Cupidinimus lindsayi","species","45392","","Cupidinimus lindsayi","species","45392","Miocene","","23.03","5.333","2880"
"191491","occ","","","19313","Perognathus minutus","species","50216","","Perognathus minutus","species","50216","Barstovian","","15.97","13.6","2881"
"191492","occ","","","19313","Perognathus furlongi","species","50203","","Perognathus furlongi","species","50203","Barstovian","","15.97","13.6","2881"
"191494","occ","","","19313","Cupidinimus lindsayi","species","45392","","Cupidinimus lindsayi","species","45392","Barstovian","","15.97","13.6","2881"
"191529","occ","","","19321","Cupidinimus lindsayi","species","45392","","Cupidinimus lindsayi","species","45392","Barstovian","","15.97","13.6","2247"
"191530","occ","7855","","19321","Cupidinimus halli","species","45390","","Cupidinimus halli","species","50181","Barstovian","","15.97","13.6","6294"
"191531","occ","","","19321","Cupidinimus eurekensis","species","45389","recombined as","Perognathoides eurekensis","species","50180","Barstovian","","15.97","13.6","2247"
"191535","occ","","","19322","Perognathus minutus","species","50216","","Perognathus minutus","species","50216","Clarendonian","","13.6","10.3","3627"
"191554","occ","","","19323","Perognathus minutus","species","50216","","Perognathus minutus","species","50216","Clarendonian","","13.6","10.3","3627"
"191571","occ","","","19324","Perognathus minutus","species","50216","","Perognathus minutus","species","50216","Clarendonian","","13.6","10.3","3627"
"191613","occ","7885","","19343","Proheteromys cf. formicarum","species","50774","recombined as","Mookomys formicarum","species","48810","Barstovian","","15.97","13.6","6294"
"191614","occ","","","19343","Perognathus furlongi","species","50203","","Perognathus furlongi","species","50203","Barstovian","","15.97","13.6","2243"
"191615","occ","7886","","19343","Cupidinimus halli","species","45390","","Cupidinimus halli","species","50181","Barstovian","","15.97","13.6","6294"
"191616","occ","7887","","19343","Cupidinimus eurekensis","species","45389","recombined as","Perognathoides eurekensis","species","50180","Barstovian","","15.97","13.6","6294"
"191680","occ","","","19361","Perognathus furlongi","species","50203","","Perognathus furlongi","species","50203","Clarendonian","","13.6","10.3","2012"
"191689","occ","7911","","19363","Cupidinimus lindsayi","species","45392","","Cupidinimus lindsayi","species","45392","Barstovian","","15.97","13.6","1018"
"191720","occ","","","19369","Perognathus cf. furlongi","species","50203","","Perognathus furlongi","species","50203","Barstovian","","15.97","13.6","2880"
"191721","occ","","","19369","Perognathus cf. minutus","species","50216","","Perognathus minutus","species","50216","Barstovian","","15.97","13.6","2880"
"191722","occ","","","19369","Proheteromys sulculus","species","50785","","Proheteromys sulculus","species","50785","Barstovian","","15.97","13.6","2880"
"191768","occ","","","19383","Perognathus minutus","species","50216","","Perognathus minutus","species","50216","Clarendonian","","13.6","10.3","3627"
"191769","occ","","","19383","Cupidinimus tertius","species","45401","","Cupidinimus tertius","species","45856","Clarendonian","","13.6","10.3","3627"
"191781","occ","","","19384","Cupidinimus tertius","species","45401","","Cupidinimus tertius","species","45856","Clarendonian","","13.6","10.3","3627"
"191785","occ","","","19384","Perognathus minutus","species","50216","","Perognathus minutus","species","50216","Clarendonian","","13.6","10.3","3627"
"191786","occ","","","19384","Cupidinimus avawatzensis","species","45385","","Cupidinimus avawatzensis","species","45385","Clarendonian","","13.6","10.3","3627"
"191829","occ","","","19392","Proheteromys maximus","species","50781","","Proheteromys maximus","species","50781","Barstovian","","15.97","13.6","2012"
"191830","occ","","","19392","Perognathus furlongi","species","50203","","Perognathus furlongi","species","50203","Barstovian","","15.97","13.6","2012"
"191897","occ","","","19416","Perognathus minutus","species","50216","","Perognathus minutus","species","50216","Barstovian","","15.97","13.6","2243"
"191898","occ","","","19416","Perognathus furlongi","species","50203","","Perognathus furlongi","species","50203","Barstovian","","15.97","13.6","2243"
"191899","occ","7982","","19416","Cupidinimus lindsayi","species","45392","","Cupidinimus lindsayi","species","45392","Barstovian","","15.97","13.6","1018"
"191900","occ","7983","","19416","Cupidinimus halli","species","45390","","Cupidinimus halli","species","50181","Barstovian","","15.97","13.6","6294"
"191932","occ","","","19423","Cupidinimus eurekensis","species","45389","recombined as","Perognathoides eurekensis","species","50180","Barstovian","","15.97","13.6","2247"
"191953","occ","8003","","19430","Heliscomys subtilis","species","46831","recombined as","Mookomys subtilis","species","48812","Barstovian","","15.97","13.6","6294"
"191954","occ","","","19430","Perognathus minutus","species","50216","","Perognathus minutus","species","50216","Barstovian","","15.97","13.6","2243"
"191955","occ","","","19430","Perognathus furlongi","species","50203","","Perognathus furlongi","species","50203","Barstovian","","15.97","13.6","2243"
"191956","occ","8004","","19430","Cupidinimus lindsayi","species","45392","","Cupidinimus lindsayi","species","45392","Barstovian","","15.97","13.6","1018"
"191957","occ","8005","","19430","Cupidinimus halli","species","45390","","Cupidinimus halli","species","50181","Barstovian","","15.97","13.6","6294"
"192289","occ","","","19514","Perognathus mclaughlini","species","50214","","Perognathus mclaughlini","species","50214","Late Hemphillian","","10.3","4.9","2005"
"192290","occ","","","19514","Perognathus henryredfieldi","species","50206","","Perognathus henryredfieldi","species","50206","Late Hemphillian","","10.3","4.9","2005"
"192291","occ","","","19514","Prodipodomys kansensis","species","50760","","Prodipodomys kansensis","species","45826","Late Hemphillian","","10.3","4.9","2005"
"192339","occ","","","19517","Cupidinimus tertius","species","45401","","Cupidinimus tertius","species","45856","Clarendonian","","13.6","10.3","3627"
"192340","occ","","","19517","Perognathus furlongi","species","50203","","Perognathus furlongi","species","50203","Clarendonian","","13.6","10.3","3626"
"192341","occ","8166","","19517","Perognathus minutus","species","50216","","Perognathus minutus","species","50216","Clarendonian","","13.6","10.3","6294"
"192377","occ","","","19522","Perognathus minutus","species","50216","","Perognathus minutus","species","50216","Barstovian","","15.97","13.6","2243"
"192378","occ","","","19522","Perognathus furlongi","species","50203","","Perognathus furlongi","species","50203","Barstovian","","15.97","13.6","2243"
"192379","occ","8183","","19522","Cupidinimus lindsayi","species","45392","","Cupidinimus lindsayi","species","45392","Barstovian","","15.97","13.6","1018"
"192380","occ","8184","","19522","Cupidinimus halli","species","45390","","Cupidinimus halli","species","50181","Barstovian","","15.97","13.6","6294"
"192394","occ","","","19523","Perognathus furlongi","species","50203","","Perognathus furlongi","species","50203","Barstovian","","15.97","13.6","2243"
"192395","occ","8188","","19523","Cupidinimus lindsayi","species","45392","","Cupidinimus lindsayi","species","45392","Barstovian","","15.97","13.6","1018"
"192396","occ","8189","","19523","Cupidinimus halli","species","45390","","Cupidinimus halli","species","50181","Barstovian","","15.97","13.6","6294"
"192401","occ","","","19524","Perognathus minutus","species","50216","","Perognathus minutus","species","50216","Barstovian","","15.97","13.6","2243"
"192405","occ","8193","","19526","Cupidinimus lindsayi","species","45392","","Cupidinimus lindsayi","species","45392","Barstovian","","15.97","13.6","1018"
"192407","occ","8195","","19527","Cupidinimus halli","species","45390","","Cupidinimus halli","species","50181","Barstovian","","15.97","13.6","6294"
"192447","occ","","","19535","Perognathus minutus","species","50216","","Perognathus minutus","species","50216","Barstovian","","15.97","13.6","2135"
"192496","occ","","","19536","Proheteromys sulculus","species","50785","","Proheteromys sulculus","species","50785","Miocene","","23.03","5.333","2880"
"192523","occ","","","19541","Perognathus furlongi","species","50203","","Perognathus furlongi","species","50203","Clarendonian","","13.6","10.3","2012"
"192544","occ","","","19547","Cupidinimus cf. kleinfelderi","species","45391","recombined as","Perognathoides kleinfelderi","species","50182","Early Barstovian","","15.97","13.6","2135"
"192585","occ","","","19549","Cupidinimus lindsayi","species","45392","","Cupidinimus lindsayi","species","45392","Barstovian","","15.97","13.6","2247"
"192597","occ","","","19550","Perognathus minutus","species","50216","","Perognathus minutus","species","50216","Barstovian","","15.97","13.6","2243"
"192598","occ","","","19550","Perognathus furlongi","species","50203","","Perognathus furlongi","species","50203","Barstovian","","15.97","13.6","2243"
"192599","occ","8254","","19550","Cupidinimus lindsayi","species","45392","","Cupidinimus lindsayi","species","45392","Barstovian","","15.97","13.6","1018"
"192600","occ","8255","","19550","Cupidinimus halli","species","45390","","Cupidinimus halli","species","50181","Barstovian","","15.97","13.6","6294"
"192638","occ","","","19557","Perognathus minutus","species","50216","","Perognathus minutus","species","50216","Barstovian","","15.97","13.6","2243"
"192639","occ","","","19557","Perognathus furlongi","species","50203","","Perognathus furlongi","species","50203","Barstovian","","15.97","13.6","2243"
"192640","occ","8269","","19557","Cupidinimus n. sp. lindsayi","species","45392","","Cupidinimus lindsayi","species","45392","Barstovian","","15.97","13.6","6294"
"192641","occ","8270","","19557","Cupidinimus halli","species","45390","","Cupidinimus halli","species","50181","Barstovian","","15.97","13.6","6294"
"192656","occ","8274","","19558","Cupidinimus lindsayi","species","45392","","Cupidinimus lindsayi","species","45392","Barstovian","","15.97","13.6","1018"
"192657","occ","8275","","19558","Cupidinimus halli","species","45390","","Cupidinimus halli","species","50181","Barstovian","","15.97","13.6","6294"
"192661","occ","8276","","19560","Cupidinimus lindsayi","species","45392","","Cupidinimus lindsayi","species","45392","Barstovian","","15.97","13.6","1018"
"192662","occ","8277","","19560","Cupidinimus halli","species","45390","","Cupidinimus halli","species","50181","Barstovian","","15.97","13.6","6294"
"192664","occ","8278","","19561","Cupidinimus halli","species","45390","","Cupidinimus halli","species","50181","Barstovian","","15.97","13.6","6294"
"192668","occ","","","19564","Perognathus cf. minutus","species","50216","","Perognathus minutus","species","50216","Miocene","","23.03","5.333","2880"
"192669","occ","","","19564","Perognathus furlongi","species","50203","","Perognathus furlongi","species","50203","Miocene","","23.03","5.333","2880"
"192670","occ","","","19564","Cupidinimus cf. halli","species","45390","","Cupidinimus halli","species","50181","Miocene","","23.03","5.333","2880"
"192706","occ","","","19577","Proheteromys maximus","species","50781","","Proheteromys maximus","species","50781","Miocene","","23.03","5.333","2880"
"192714","occ","","","19579","Cupidinimus halli","species","45390","","Cupidinimus halli","species","50181","Miocene","","23.03","5.333","2880"
"192715","occ","","","19579","Perognathus furlongi","species","50203","","Perognathus furlongi","species","50203","Miocene","","23.03","5.333","2880"
"192739","occ","8295","","19585","Proheteromys formicarum","species","50774","recombined as","Mookomys formicarum","species","48810","Barstovian","","15.97","13.6","2247"
"192740","occ","","","19585","Cupidinimus lindsayi","species","45392","","Cupidinimus lindsayi","species","45392","Barstovian","","15.97","13.6","2247"
"192741","occ","","","19585","Cupidinimus halli","species","45390","","Cupidinimus halli","species","50181","Barstovian","","15.97","13.6","2246"
"192746","occ","","","19586","Proheteromys sulculus","species","50785","","Proheteromys sulculus","species","50785","Miocene","","23.03","5.333","3759"
"192795","occ","","","19599","Proheteromys sulculus","species","50785","","Proheteromys sulculus","species","50785","Hemingfordian","","20.43","15.97","2244"
"192796","occ","8326","","19599","Harrymys magnus","species","46813","","Harrymys magnus","species","50779","Hemingfordian","","20.43","15.97","2244"
"192846","occ","8348","","19605","Proheteromys formicarum","species","50774","recombined as","Mookomys formicarum","species","48810","Barstovian","","15.97","13.6","2247"
"192863","occ","8357","","19610","Cupidinimus bidahochiensis","species","45386","","Cupidinimus bidahochiensis","species","50178","Late Hemphillian","","10.3","4.9","6294"
"192955","occ","8384","","19620","Perognathus n. sp. strigipredus","species","50227","","Perognathus strigipredus","species","50227","Blancan","","4.9","1.8","1293"
"192956","occ","8385","","19620","Prodipodomys idahoensis","species","50759","","Prodipodomys idahoensis","species","50759","Blancan","","4.9","1.8","1293"
"192966","occ","8391","","19621","Prodipodomys idahoensis","species","50759","","Prodipodomys idahoensis","species","50759","Blancan","","4.9","1.8","1293"
"192984","occ","","","19624","Prodipodomys minor","species","50762","recombined as","Dipodomys minor","species","45829","Blancan","","4.9","1.8","2040"
"193029","occ","","","19628","Prodipodomys ? minor","species","50762","recombined as","Dipodomys minor","species","45829","Blancan","","4.9","1.8","1603"
"193107","occ","","","19638","Prodipodomys minor","species","50762","recombined as","Dipodomys minor","species","45829","Blancan","","4.9","1.8","2040"
"193123","occ","","","19642","Prodipodomys minor","species","50762","recombined as","Dipodomys minor","species","45829","Blancan","","4.9","1.8","2040"
"193143","occ","","","19646","Prodipodomys idahoensis","species","50759","","Prodipodomys idahoensis","species","50759","Blancan","","4.9","1.8","2040"
"193173","occ","","","19650","Perognathus pearlettensis","species","50219","","Perognathus pearlettensis","species","50219","Blancan","","4.9","1.8","1797"
"193174","occ","","","19650","Perognathus gidleyi","species","50204","","Perognathus gidleyi","species","50204","Blancan","","4.9","1.8","1797"
"193175","occ","","","19650","Prodipodomys idahoensis","species","50759","","Prodipodomys idahoensis","species","50759","Blancan","","4.9","1.8","1797"
"193176","occ","","","19650","Dipodomys hibbardi","species","45824","","Dipodomys hibbardi","species","45824","Blancan","","4.9","1.8","939"
"193209","occ","","","19652","Dipodomys hibbardi","species","45824","","Dipodomys hibbardi","species","45824","Blancan","Irvingtonian","4.9","0.3","6199"
"193233","occ","","","19654","Perognathus gidleyi","species","50204","","Perognathus gidleyi","species","50204","Blancan","","4.9","1.8","6199"
"193308","occ","","","19658","Perognathus gidleyi","species","50204","","Perognathus gidleyi","species","50204","Blancan","","4.9","1.8","6199"
"193309","occ","","","19658","Dipodomys hibbardi","species","45824","","Dipodomys hibbardi","species","45824","Blancan","","4.9","1.8","1584"
"193310","occ","8472","","19658","Prodipodomys gidleyi","species","50756","recombined as","Dipodomys gidleyi","species","45823","Blancan","","4.9","1.8","6199"
"193337","occ","","","19659","Dipodomys hibbardi","species","45824","","Dipodomys hibbardi","species","45824","Blancan","","4.9","1.8","6199"
"193515","occ","","","19715","Cupidinimus cf. bidahochiensis","species","45386","","Cupidinimus bidahochiensis","species","50178","Blancan","","4.9","1.8","2725"
"193544","occ","","","19719","Cupidinimus cf. bidahochiensis","species","45386","","Cupidinimus bidahochiensis","species","50178","Blancan","","4.9","1.8","2725"
"193582","occ","","","19728","Prodipodomys timoteoensis","species","50766","","Prodipodomys timoteoensis","species","50766","Blancan","","4.9","1.8","939"
"193584","occ","","","19729","Prodipodomys timoteoensis","species","50766","","Prodipodomys timoteoensis","species","50766","Blancan","","4.9","1.8","939"
"193586","occ","","","19730","Prodipodomys timoteoensis","species","50766","","Prodipodomys timoteoensis","species","50766","Blancan","","4.9","1.8","939"
"193587","occ","","","19730","Prodipodomys n. sp. riversidensis","species","50764","","Prodipodomys riversidensis","species","50764","Blancan","","4.9","1.8","939"
"193591","occ","","","19732","Prodipodomys timoteoensis","species","50766","","Prodipodomys timoteoensis","species","50766","Blancan","","4.9","1.8","939"
"193592","occ","","","19732","Prodipodomys riversidensis","species","50764","","Prodipodomys riversidensis","species","50764","Blancan","","4.9","1.8","939"
"193602","occ","","","19736","Prodipodomys idahoensis","species","50759","","Prodipodomys idahoensis","species","50759","Blancan","","4.9","1.8","938"
"193603","occ","","","19736","Prodipodomys timoteoensis","species","50766","","Prodipodomys timoteoensis","species","50766","Blancan","","4.9","1.8","939"
"193643","occ","","","19740","Prodipodomys n. sp. timoteoensis","species","50766","","Prodipodomys timoteoensis","species","50766","Blancan","","4.9","1.8","939"
"193656","occ","","","19744","Prodipodomys centralis","species","50754","","Prodipodomys centralis","species","47711","Blancan","","4.9","1.8","1766"
"193931","occ","8628","","19815","Oregonomys magnus","species","49376","","Oregonomys magnus","species","50212","Blancan","","4.9","1.8","6294"
"193932","occ","","","19815","Perognathus n. sp. maldei","species","50213","","Perognathus maldei","species","50213","Blancan","","4.9","1.8","3787"
"194000","occ","","","19846","Perognathus maldei","species","50213","","Perognathus maldei","species","50213","Blancan","","4.9","1.8","3787"
"194008","occ","","","19852","Prodipodomys idahoensis","species","50759","","Prodipodomys idahoensis","species","50759","Blancan","","4.9","1.8","3787"
"194084","occ","","","19903","Perognathus maldei","species","50213","","Perognathus maldei","species","50213","Blancan","","4.9","1.8","3787"
"194085","occ","","","19903","Prodipodomys idahoensis","species","50759","","Prodipodomys idahoensis","species","50759","Blancan","","4.9","1.8","3787"
"194098","occ","","","19905","Prodipodomys n. sp. idahoensis","species","50759","","Prodipodomys idahoensis","species","50759","Blancan","","4.9","1.8","1885"
"194106","occ","","","19906","Perognathus maldei","species","50213","","Perognathus maldei","species","50213","Blancan","","4.9","1.8","3787"
"194107","occ","","","19906","Prodipodomys idahoensis","species","50759","","Prodipodomys idahoensis","species","50759","Blancan","","4.9","1.8","3787"
"194224","occ","","","19922","Perognathus n. sp. mclaughlini","species","50214","","Perognathus mclaughlini","species","50214","Blancan","","4.9","1.8","1889"
"194225","occ","","","19922","Prodipodomys griggsorum","species","50757","","Prodipodomys griggsorum","species","50757","Blancan","","4.9","1.8","3788"
"194226","occ","","","19922","Prodipodomys cf. coquorum","species","50755","recombined as","Perognathus coquorum","species","50195","Blancan","","4.9","1.8","2126"
"194261","occ","","","19927","Perognathus n. sp. pearlettensis","species","50219","","Perognathus pearlettensis","species","50219","Blancan","","4.9","1.8","1894"
"194262","occ","","","19927","Perognathus gidleyi","species","50204","","Perognathus gidleyi","species","50204","Blancan","","4.9","1.8","1894"
"194263","occ","8759","","19927","Prodipodomys tiheni","species","50765","","Prodipodomys tiheni","species","46344","Blancan","","4.9","1.8","6294"
"194264","occ","","","19927","Dipodomys n. sp. hibbardi","species","45824","","Dipodomys hibbardi","species","45824","Blancan","","4.9","1.8","3791"
"194329","occ","","","19931","Perognathus pearlettensis","species","50219","","Perognathus pearlettensis","species","50219","Blancan","","4.9","1.8","1860"
"194330","occ","","","19931","Perognathus n. sp. rexroadensis","species","50222","","Perognathus rexroadensis","species","50222","Blancan","","4.9","1.8","1860"
"194427","occ","","","19936","Perognathus gidleyi","species","50204","","Perognathus gidleyi","species","50204","Blancan","","4.9","1.8","1894"
"194428","occ","8816","","19936","Prodipodomys centralis","species","50754","","Prodipodomys centralis","species","47711","Blancan","","4.9","1.8","6294"
"194456","occ","","","19938","Perognathus cf. pearlettensis","species","50219","","Perognathus pearlettensis","species","50219","Blancan","","4.9","1.8","1876"
"194474","occ","8829","","19940","Prodipodomys centralis","species","50754","","Prodipodomys centralis","species","47711","Blancan","","4.9","1.8","6294"
"194514","occ","","","19942","Perognathus pearlettensis","species","50219","","Perognathus pearlettensis","species","50219","Blancan","","4.9","1.8","1460"
"194537","occ","","","19943","Perognathus pearlettensis","species","50219","","Perognathus pearlettensis","species","50219","Blancan","","4.9","1.8","1460"
"194942","occ","8943","","20017","Prodipodomys gidleyi","species","50756","recombined as","Dipodomys gidleyi","species","45823","Blancan","","4.9","1.8","6294"
"194943","occ","","","20017","Oregonomys cf. sargenti","species","49378","","Oregonomys sargenti","species","50223","Blancan","","4.9","1.8","2886"
"194978","occ","","","20023","Perognathus cf. rexroadensis","species","50222","","Perognathus rexroadensis","species","50222","Blancan","","4.9","1.8","1309"
"194979","occ","","","20023","Perognathus cf. pearlettensis","species","50219","","Perognathus pearlettensis","species","50219","Blancan","","4.9","1.8","1309"
"194980","occ","","","20023","Prodipodomys centralis","species","50754","","Prodipodomys centralis","species","47711","Blancan","","4.9","1.8","1309"
"195021","occ","","","20030","Perognathus cf. rexroadensis","species","50222","","Perognathus rexroadensis","species","50222","Blancan","","4.9","1.8","1309"
"195022","occ","","","20030","Perognathus cf. pearlettensis","species","50219","","Perognathus pearlettensis","species","50219","Blancan","","4.9","1.8","1309"
"195023","occ","","","20030","Prodipodomys centralis","species","50754","","Prodipodomys centralis","species","47711","Blancan","","4.9","1.8","1309"
"195044","occ","","","20032","Perognathus cf. rexroadensis","species","50222","","Perognathus rexroadensis","species","50222","Blancan","","4.9","1.8","1309"
"195045","occ","","","20032","Perognathus cf. pearlettensis","species","50219","","Perognathus pearlettensis","species","50219","Blancan","","4.9","1.8","1309"
"195200","occ","","","20060","Perognathus n. sp. carpenteri","species","50194","","Perognathus carpenteri","species","50194","Blancan","","4.9","1.8","6330"
"195201","occ","","","20060","Perognathus cf. rexroadensis","species","50222","","Perognathus rexroadensis","species","50222","Blancan","","4.9","1.8","6330"
"195202","occ","","","20060","Perognathus pearlettensis","species","50219","","Perognathus pearlettensis","species","50219","Blancan","","4.9","1.8","6330"
"195203","occ","","","20060","Prodipodomys centralis","species","50754","","Prodipodomys centralis","species","47711","Blancan","","4.9","1.8","6330"
"195435","occ","","","20098","Dipodomys compactus","species","45821","","Dipodomys compactus","species","45821","Blancan","","4.9","1.8","1186"
"195436","occ","","","20098","Dipodomys hibbardi","species","45824","","Dipodomys hibbardi","species","45824","Blancan","","4.9","1.8","1186"
"195470","occ","","","20104","Dipodomys compactus","species","45821","","Dipodomys compactus","species","45821","Blancan","","4.9","1.8","1186"
"195509","occ","","","20107","Dipodomys compactus","species","45821","","Dipodomys compactus","species","45821","Blancan","","4.9","1.8","1186"
"195516","occ","","","20108","Dipodomys compactus","species","45821","","Dipodomys compactus","species","45821","Blancan","","4.9","1.8","1186"
"195517","occ","","","20108","Dipodomys hibbardi","species","45824","","Dipodomys hibbardi","species","45824","Blancan","","4.9","1.8","1186"
"195518","occ","9074","","20108","Prodipodomys minor","species","50762","recombined as","Dipodomys minor","species","45829","Blancan","","4.9","1.8","6294"
"195531","occ","","","20112","Dipodomys compactus","species","45821","","Dipodomys compactus","species","45821","Blancan","","4.9","1.8","1186"
"195532","occ","","","20112","Dipodomys hibbardi","species","45824","","Dipodomys hibbardi","species","45824","Blancan","","4.9","1.8","1186"
"195577","occ","","","20115","Dipodomys compactus","species","45821","","Dipodomys compactus","species","45821","Blancan","","4.9","1.8","1186"
"195578","occ","","","20115","Dipodomys hibbardi","species","45824","","Dipodomys hibbardi","species","45824","Blancan","","4.9","1.8","1186"
"195593","occ","","","20116","Dipodomys hibbardi","species","45824","","Dipodomys hibbardi","species","45824","Blancan","","4.9","1.8","1186"
"195628","occ","","","20118","Dipodomys compactus","species","45821","","Dipodomys compactus","species","45821","Blancan","","4.9","1.8","1186"
"195735","occ","","","20122","Dipodomys compactus","species","45821","","Dipodomys compactus","species","45821","Blancan","","4.9","1.8","1186"
"195768","occ","","","20123","Dipodomys compactus","species","45821","","Dipodomys compactus","species","45821","Irvingtonian","","1.8","0.3","1186"
"195824","occ","","","20125","Dipodomys compactus","species","45821","","Dipodomys compactus","species","45821","Irvingtonian","","1.8","0.3","1186"
"195885","occ","","","20127","Dipodomys compactus","species","45821","","Dipodomys compactus","species","45821","Irvingtonian","","1.8","0.3","1186"
"196008","occ","9178","","20143","Chaetodipus hispidus","species","45039","","Chaetodipus hispidus","species","50207","Irvingtonian","","1.8","0.3","6294"
"196047","occ","","","20146","Dipodomys ordii","species","45830","","Dipodomys ordii","species","45830","Irvingtonian","Rancholabrean","1.8","0.012","2018"
"196120","occ","9203","","20157","Chaetodipus cf. hispidus","species","45039","","Chaetodipus hispidus","species","50207","Irvingtonian","","1.8","0.3","6294"
"196157","occ","","","20163","Chaetodipus cf. hispidus","species","45039","","Chaetodipus hispidus","species","50207","Irvingtonian","","1.8","0.3","6202"
"196181","occ","","","20164","Dipodomys n. sp. pattersoni","species","45831","","Dipodomys pattersoni","species","45831","Irvingtonian","","1.8","0.3","1319"
"196201","occ","9216","","20165","Chaetodipus hispidus","species","45039","","Chaetodipus hispidus","species","50207","Irvingtonian","","1.8","0.3","6294"
"196203","occ","","","20165","Dipodomys cf. ordii","species","45830","","Dipodomys ordii","species","45830","Irvingtonian","","1.8","0.3","3081"
"196221","occ","9221","","20167","Chaetodipus hispidus","species","45039","","Chaetodipus hispidus","species","50207","Irvingtonian","","1.8","0.3","6294"
"196923","occ","9370","","20295","Chaetodipus hispidus","species","45039","","Chaetodipus hispidus","species","50207","Irvingtonian","","1.8","0.3","6294"
"196925","occ","","","20295","Dipodomys cf. ordii","species","45830","","Dipodomys ordii","species","45830","Irvingtonian","","1.8","0.3","1907"
"197243","occ","9435","","20318","Chaetodipus hispidus","species","45039","","Chaetodipus hispidus","species","50207","Irvingtonian","","1.8","0.3","6294"
"197387","occ","9458","","20332","Chaetodipus hispidus","species","45039","","Chaetodipus hispidus","species","50207","Irvingtonian","","1.8","0.3","6294"
"197429","occ","9468","","20341","Prodipodomys gidleyi","species","50756","recombined as","Dipodomys gidleyi","species","45823","Irvingtonian","","1.8","0.3","2040"
"197472","occ","9489","","20344","Prodipodomys gidleyi","species","50756","recombined as","Dipodomys gidleyi","species","45823","Irvingtonian","","1.8","0.3","6294"
"197660","occ","","","20360","Dipodomys ordii","species","45830","","Dipodomys ordii","species","45830","Middle Pleistocene","","0.781","0.126","2939"
"197880","occ","","","20389","Prodipodomys idahoensis","species","50759","","Prodipodomys idahoensis","species","50759","Irvingtonian","","1.8","0.3","2441"
"197908","occ","9590","","20390","Chaetodipus hispidus","species","45039","","Chaetodipus hispidus","species","50207","Irvingtonian","","1.8","0.3","6294"
"197939","occ","9597","","20391","Chaetodipus hispidus","species","45039","","Chaetodipus hispidus","species","50207","Irvingtonian","","1.8","0.3","6294"
"198214","occ","","","20427","Perognathus cf. gidleyi","species","50204","","Perognathus gidleyi","species","50204","Irvingtonian","","1.8","0.3","1463"
"198215","occ","","","20427","Perognathus cf. pearlettensis","species","50219","","Perognathus pearlettensis","species","50219","Irvingtonian","","1.8","0.3","1463"
"198300","occ","","","20442","Prodipodomys cf. idahoensis","species","50759","","Prodipodomys idahoensis","species","50759","Irvingtonian","","1.8","0.3","2887"
"198836","occ","","","20515","Dipodomys merriami","species","45828","","Dipodomys merriami","species","45828","Irvingtonian","","1.8","0.3","2879"
"198837","occ","","","20515","Dipodomys cf. deserti","species","45822","","Dipodomys deserti","species","45822","Irvingtonian","","1.8","0.3","2879"
"198896","occ","","","20523","Perognathus pearlettensis","species","50219","","Perognathus pearlettensis","species","50219","Irvingtonian","","1.8","0.3","2431"
"198947","occ","9785","","20530","Chaetodipus hispidus","species","45039","","Chaetodipus hispidus","species","50207","Irvingtonian","","1.8","0.3","6294"
"199138","occ","9827","","20560","Chaetodipus hispidus","species","45039","","Chaetodipus hispidus","species","50207","Irvingtonian","","1.8","0.3","6202"
"199551","occ","9876","","20605","Chaetodipus hispidus","species","45039","","Chaetodipus hispidus","species","50207","Late Pleistocene","","0.126","0.0117","6294"
"199553","occ","","","20605","Dipodomys cf. ordii","species","45830","","Dipodomys ordii","species","45830","Late Pleistocene","","0.126","0.0117","1907"
"199666","occ","9892","","20617","Chaetodipus hispidus","species","45039","","Chaetodipus hispidus","species","50207","Late Pleistocene","","0.126","0.0117","6294"
"199712","occ","9897","","20623","Chaetodipus cf. formosus","species","45037","","Chaetodipus formosus","species","50202","Late Pleistocene","","0.126","0.0117","6294"
"199713","occ","","","20623","Dipodomys cf. agilis","species","45820","","Dipodomys agilis","species","45820","Late Pleistocene","","0.126","0.0117","2018"
"270974","occ","","","26019","Stratimus strobeli","species","51825","","Stratimus strobeli","species","51825","Hemingfordian","","20.43","15.97","2152"
"287257","occ","10122","","18165","Mioheteromys agrarius","species","48699","recombined as","Diprionomys agrarius","species","45848","Barstovian","","15.97","13.6","2132"
"599828","occ","","","63708","Dipodomys cf. merriami","species","45828","","Dipodomys merriami","species","45828","Holocene","","0.0117","0","18308"
"599912","occ","","","63715","Dipodomys cf. merriami","species","45828","","Dipodomys merriami","species","45828","Holocene","","0.0117","0","18307"
"647055","occ","","","17709","Proheteromys fedti","species","50772","recombined as","Proharrymys fedti","species","50772","Geringian","","30.8","26.3","19303"
"647056","occ","31387","","17709","Proharrymys n. sp. wahlerti","species","322048","","Proharrymys wahlerti","species","322048","Geringian","","30.8","26.3","55528"
"647057","occ","","","17709","Kirkomys schlaikjeri","species","47442","recombined as","Proharrymys schlaikjeri","species","46829","Geringian","","30.8","26.3","19303"
"647083","occ","","","67637","Schizodontomys cf. harkseni","species","51449","","Schizodontomys harkseni","species","46719","Monroecreekian","","26.3","24.8","19303"
"648725","occ","","","69806","Dikkomys matthewi","species","45737","","Dikkomys matthewi","species","45737","Harrisonian","","24.8","20.43","19303"
"648737","occ","","","69807","Schizodontomys cf. harkseni","species","51449","","Schizodontomys harkseni","species","46719","Harrisonian","","24.8","20.43","19303"
"648752","occ","","","69808","Schizodontomys amnicolus","species","51447","","Schizodontomys amnicolus","species","51447","Early Hemingfordian","","20.43","15.97","19303"
"648753","occ","","","69808","Stratimus strobeli","species","51825","","Stratimus strobeli","species","51825","Early Hemingfordian","","20.43","15.97","19303"
"648754","occ","","","69808","Harrymys magnus","species","46813","","Harrymys magnus","species","50779","Early Hemingfordian","","20.43","15.97","19303"
"648765","occ","","","69915","Schizodontomys amnicolus","species","51447","","Schizodontomys amnicolus","species","51447","Early Hemingfordian","","20.43","15.97","19303"
"648766","occ","","","69915","Harrymys magnus","species","46813","","Harrymys magnus","species","50779","Early Hemingfordian","","20.43","15.97","19303"
"648775","occ","","","69916","Dikkomys matthewi","species","45737","","Dikkomys matthewi","species","45737","Early Hemingfordian","","20.43","15.97","19303"
"648782","occ","","","26019","Harrymys magnus","species","46813","","Harrymys magnus","species","50779","Hemingfordian","","20.43","15.97","19303"
"648789","occ","","","17892","Harrymys magnus","species","46813","","Harrymys magnus","species","50779","Hemingfordian","","20.43","15.97","19303"
"648808","occ","","","17963","Schizodontomys amnicolus","species","51447","","Schizodontomys amnicolus","species","51447","Hemingfordian","","20.43","15.97","19303"
"648820","occ","","","17889","Peridiomys rusticus","species","50165","","Peridiomys rusticus","species","50165","Late Hemingfordian","","20.43","15.97","19303"
"661499","occ","","","71264","Chaetodipus hispidus","species","45039","","Chaetodipus hispidus","species","50207","Late Pleistocene","","0.126","0.0117","24062"
"661500","occ","","","71264","Perognathus huastecensis","species","160969","","Perognathus huastecensis","species","160969","Late Pleistocene","","0.126","0.0117","24062"
"661501","occ","","","71264","Liomys irroratus","species","47712","","Liomys irroratus","species","46953","Late Pleistocene","","0.126","0.0117","24062"
"661873","occ","","","71308","Liomys irroratus","species","47712","","Liomys irroratus","species","46953","Late Pleistocene","","0.126","0.0117","24035"
"662208","occ","","","71345","Liomys irroratus","species","47712","","Liomys irroratus","species","46953","Late Pleistocene","","0.126","0.0117","24078"
"691196","occ","","","74473","Perognathus hispidus","species","50207","recombined as","Chaetodipus hispidus","species","50207","Late Pleistocene","","0.126","0.0117","1326"
"691198","occ","","","74473","Perognathus flavus","species","50200","","Perognathus flavus","species","50200","Late Pleistocene","","0.126","0.0117","1326"
"691199","occ","","","74473","Dipodomys ordii","species","45830","","Dipodomys ordii","species","45830","Late Pleistocene","","0.126","0.0117","1326"
"691200","occ","","","74473","Dipodomys merriami","species","45828","","Dipodomys merriami","species","45828","Late Pleistocene","","0.126","0.0117","1326"
"691201","occ","","","74473","Dipodomys spectabilis","species","45832","","Dipodomys spectabilis","species","45832","Late Pleistocene","","0.126","0.0117","1326"
"691235","occ","","","74474","Perognathus hispidus","species","50207","recombined as","Chaetodipus hispidus","species","50207","Holocene","","0.0117","0","1326"
"691236","occ","","","74474","Perognathus flavus","species","50200","","Perognathus flavus","species","50200","Holocene","","0.0117","0","1326"
"691237","occ","","","74474","Dipodomys ordii","species","45830","","Dipodomys ordii","species","45830","Holocene","","0.0117","0","1326"
"691238","occ","","","74474","Dipodomys merriami","species","45828","","Dipodomys merriami","species","45828","Holocene","","0.0117","0","1326"
"691239","occ","","","74474","Dipodomys spectabilis","species","45832","","Dipodomys spectabilis","species","45832","Holocene","","0.0117","0","1326"
"710015","occ","","","76060","Perognathus cf. flavus","species","50200","","Perognathus flavus","species","50200","Late Pleistocene","","0.126","0.0117","25748"
"710032","occ","","","76060","Dipodomys cf. spectabilis","species","45832","","Dipodomys spectabilis","species","45832","Late Pleistocene","","0.126","0.0117","25748"
"740579","occ","","","79632","Perognathus hispidus","species","50207","recombined as","Chaetodipus hispidus","species","50207","Late Pleistocene","","0.126","0.0117","26750"
"839066","occ","","","93141","Perognathus flavus","species","50200","","Perognathus flavus","species","50200","Late Pleistocene","","0.126","0.0117","31472"
"839067","occ","","","93141","Perognathus intermedius","species","50209","recombined as","Chaetodipus intermedius","species","50209","Late Pleistocene","","0.126","0.0117","31472"
"839068","occ","","","93141","Dipodomys ordii","species","45830","","Dipodomys ordii","species","45830","Late Pleistocene","","0.126","0.0117","31472"
"839069","occ","","","93141","Dipodomys spectabilis","species","45832","","Dipodomys spectabilis","species","45832","Late Pleistocene","","0.126","0.0117","31472"
"839070","occ","","","93141","Dipodomys merriami","species","45828","","Dipodomys merriami","species","45828","Late Pleistocene","","0.126","0.0117","31472"
"841259","occ","","","93258","Perognathus intermedius","species","50209","recombined as","Chaetodipus intermedius","species","50209","Pleistocene","Holocene","2.588","0","31531"
"841428","occ","","","93281","Perodipus montanus","species","161540","recombined as","Dipodomys ordii montanus","subspecies","161539","Late Pleistocene","","0.126","0.0117","31547"
"841696","occ","","","93326","Perognathus cf. formosus","species","50202","recombined as","Chaetodipus formosus","species","50202","Late Pleistocene","Holocene","0.126","0","31567"
"841698","occ","","","93326","Dipodomys microps","species","161716","","Dipodomys microps","species","161715","Late Pleistocene","Holocene","0.126","0","31567"
"841953","occ","","","93374","Dipodomys spectabilis","species","45832","","Dipodomys spectabilis","species","45832","Late Pleistocene","Holocene","0.126","0","31595"
"847951","occ","","","94334","n. gen. Metaliomys n. sp. sevierensis","species","163517","","Metaliomys sevierensis","species","163517","Hemphillian","","10.3","4.9","32080"
"847952","occ","","","94334","Diprionomys cf. minimus","species","45851","","Diprionomys minimus","species","46117","Hemphillian","","10.3","4.9","32080"
"847956","occ","","","19095","Diprionomys n. sp. minimus","species","45851","","Diprionomys minimus","species","46117","Hemphillian","","10.3","4.9","32080"
"1207911","occ","","","18803","Perognathoides n. sp. madisonensis","species","50183","subjective synonym of","Cupidinimus halli","species","50181","Early Barstovian","","15.97","13.6","51386"
"1263647","occ","","","167840","Cupidinimus cf. lindsayi","species","45392","","Cupidinimus lindsayi","species","45392","Early Hemingfordian","","20.43","15.97","54866"
"1263678","occ","","","167842","Cupidinimus cf. lindsayi","species","45392","","Cupidinimus lindsayi","species","45392","Early Hemingfordian","","20.43","15.97","54866"
"1263692","occ","","","167845","Cupidinimus cf. lindsayi","species","45392","","Cupidinimus lindsayi","species","45392","Early Hemingfordian","","20.43","15.97","54210"
"1281532","occ","","","170168","Proharrymys wahlerti","species","322048","","Proharrymys wahlerti","species","322048","Whitneyan","","33.3","30.8","55534"
"1282375","occ","","","170308","Schizodontomys greeni","species","51448","","Schizodontomys greeni","species","51448","late Late Arikareean","","30.8","20.43","9853"
"1317388","occ","","","17976","Mioheteromys n. sp. subterior","species","337670","","Mioheteromys subterior","species","337670","Early Barstovian","","15.97","13.6","58390"
"1321767","occ","","","19233","Proheteromys sulculus","species","50785","","Proheteromys sulculus","species","50785","Miocene","","23.03","5.333","58824"
