"occurrence_no","record_type","reid_no","flags","collection_no","accepted_name","accepted_rank","accepted_no","early_interval","late_interval","max_ma","min_ma","reference_no"
"180833","occ","","","17341","Heteromyidae","family","41673","Whitneyan","","33.3","30.8","2738"
"181231","occ","","","17460","Heteromyidae","family","41673","Arikareean","","30.8","20.43","2356"
"181373","occ","","","17494","Proharrymys fedti","species","50772","Geringian","","30.8","26.3","3345"
"181374","occ","","","17494","Proheteromys ironcloudi","species","50777","Geringian","","30.8","26.3","3345"
"181412","occ","","","17497","Heteromyidae","family","41673","Arikareean","","30.8","20.43","1359"
"181518","occ","4405","","17516","Proheteromys gremmelsi","species","50775","Arikareean","","30.8","20.43","6294"
"181576","occ","10056","","17526","Proheteromys ironcloudi","species","50777","Monroecreekian","","26.3","24.8","7360"
"181577","occ","10057","","17526","Schizodontomys harkseni","species","46719","Monroecreekian","","26.3","24.8","7360"
"181735","occ","","","17541","Proharrymys fedti","species","50772","Arikareean","","30.8","20.43","3345"
"181782","occ","4502","","17544","Proharrymys schlaikjeri","species","46829","Geringian","","30.8","26.3","6294"
"181783","occ","","","17544","Proharrymys fedti","species","50772","Geringian","","30.8","26.3","3345"
"181784","occ","","","17544","Proheteromys ironcloudi","species","50777","Geringian","","30.8","26.3","3345"
"181829","occ","","","17561","Proheteromys ironcloudi","species","50777","Monroecreekian","","26.3","24.8","2356"
"181881","occ","","","17566","Proharrymys fedti","species","50772","Geringian","","30.8","26.3","3345"
"181891","occ","","","17567","Proharrymys fedti","species","50772","Arikareean","","30.8","20.43","3345"
"182106","occ","","","17630","Proharrymys fedti","species","50772","Geringian","","30.8","26.3","2356"
"182160","occ","4697","","17635","Proheteromys gremmelsi","species","50775","Geringian","","30.8","26.3","6294"
"182226","occ","","","17638","Proheteromys gremmelsi","species","50775","Geringian","","30.8","26.3","2356"
"182249","occ","","","17641","Proharrymys fedti","species","50772","Geringian","","30.8","26.3","2356"
"182250","occ","4749","","17641","Proheteromys gremmelsi","species","50775","Geringian","","30.8","26.3","6294"
"182278","occ","","","17643","Proheteromys gremmelsi","species","50775","Geringian","","30.8","26.3","2356"
"182318","occ","","","17651","Proharrymys fedti","species","50772","Geringian","","30.8","26.3","2356"
"182343","occ","4801","","17659","Proharrymys schlaikjeri","species","46829","Geringian","","30.8","26.3","6294"
"182366","occ","4815","","17666","Proharrymys schlaikjeri","species","46829","Arikareean","","30.8","20.43","6294"
"182486","occ","","","17708","Proharrymys schlaikjeri","species","46829","Arikareean","","30.8","20.43","3386"
"182550","occ","4899","","17726","Harrymys magnus","species","50779","Geringian","Monroecreekian","30.8","24.8","936"
"182552","occ","","","17726","Proheteromys floridanus","species","50773","Geringian","Monroecreekian","30.8","24.8","936"
"182553","occ","","","17726","Heteromyidae","family","41673","Geringian","Monroecreekian","30.8","24.8","936"
"182572","occ","","","17731","Heteromyidae","family","41673","Arikareean","","30.8","20.43","2362"
"182577","occ","","","17734","Dikkomys matthewi","species","45737","Harrisonian","","24.8","20.43","3723"
"182647","occ","","","17749","Proheteromys matthewi","species","50780","Harrisonian","","24.8","20.43","2356"
"182693","occ","4961","","17764","Harrymys magnus","species","50779","Harrisonian","","24.8","20.43","936"
"183032","occ","5058","","17825","Schizodontomys harkseni","species","46719","Harrisonian","","24.8","20.43","6294"
"183033","occ","","","17825","Dikkomys matthewi","species","45737","Harrisonian","","24.8","20.43","2356"
"183038","occ","5061","","17829","Schizodontomys harkseni","species","46719","Harrisonian","","24.8","20.43","6294"
"183082","occ","5074","","17837","Harrymys magnus","species","50779","Harrisonian","","24.8","20.43","936"
"183084","occ","","","17837","Proheteromys floridanus","species","50773","Harrisonian","","24.8","20.43","2610"
"183101","occ","","","17843","Harrymys","genus","41681","Harrisonian","","24.8","20.43","975"
"183102","occ","19127","","17843","Dikkomys matthewi","species","45737","Harrisonian","","24.8","20.43","19303"
"183108","occ","","","17844","Proheteromys cejanus","species","50770","Harrisonian","","24.8","20.43","1587"
"183109","occ","","","17844","Proheteromys floridanus","species","50773","Harrisonian","","24.8","20.43","1587"
"183128","occ","","","17847","Schizodontomys sulcidens","species","51450","Harrisonian","","24.8","20.43","2132"
"183144","occ","5092","","17852","Trogomys rupinimenthae","species","52523","Arikareean","","30.8","20.43","2851"
"183174","occ","","","17859","Proheteromys floridanus","species","50773","Arikareean","","30.8","20.43","2610"
"183175","occ","5107","","17859","Harrymys magnus","species","50779","Arikareean","","30.8","20.43","6294"
"183184","occ","10418","","17860","Heteromyidae","family","41673","Chattian","","28.1","23.03","9613"
"183192","occ","","","17862","Heteromyidae","family","41673","Harrisonian","","24.8","20.43","2507"
"183200","occ","","","17865","Schizodontomys amnicolus","species","51447","Hemingfordian","","20.43","15.97","2152"
"183253","occ","","","17877","Dikkomys matthewi","species","45737","Hemingfordian","","20.43","15.97","2408"
"183254","occ","","","17877","Schizodontomys harkseni","species","46719","Hemingfordian","","20.43","15.97","2408"
"183277","occ","5131","","17878","Dikkomys matthewi","species","45737","Hemingfordian","","20.43","15.97","1716"
"183278","occ","","","17878","Heteromyidae","family","41673","Hemingfordian","","20.43","15.97","1718"
"183327","occ","19134","","17889","Cupidinimus","genus","41676","Late Hemingfordian","","20.43","15.97","19303"
"183329","occ","","","17889","Harrymys magnus","species","50779","Late Hemingfordian","","20.43","15.97","975"
"183348","occ","","","17892","Stratimus strobeli","species","51825","Hemingfordian","","20.43","15.97","2152"
"183349","occ","","","17892","Schizodontomys amnicolus","species","51447","Hemingfordian","","20.43","15.97","2152"
"183457","occ","","","17911","Peridiomys rusticus","species","50165","Hemingfordian","","20.43","15.97","3175"
"183484","occ","","","17912","Dikkomys matthewi","species","45737","Hemingfordian","","20.43","15.97","2408"
"183485","occ","","","17912","Schizodontomys harkseni","species","46719","Hemingfordian","","20.43","15.97","2408"
"183516","occ","","","17913","Dikkomys matthewi","species","45737","Hemingfordian","","20.43","15.97","2408"
"183517","occ","","","17913","Schizodontomys harkseni","species","46719","Hemingfordian","","20.43","15.97","2408"
"183530","occ","","","17914","Schizodontomys harkseni","species","46719","Hemingfordian","","20.43","15.97","2408"
"183586","occ","","","17924","Schizodontomys amnicolus","species","51447","Hemingfordian","","20.43","15.97","2132"
"183604","occ","","","17925","Schizodontomys greeni","species","51448","Hemingfordian","","20.43","15.97","1547"
"183757","occ","","","17965","Proheteromys sulculus","species","50785","Hemingfordian","","20.43","15.97","3703"
"183758","occ","","","17965","Stratimus strobeli","species","51825","Hemingfordian","","20.43","15.97","2152"
"183836","occ","","","17979","Peridiomys rusticus","species","50165","Hemingfordian","","20.43","15.97","2132"
"183957","occ","","","18003","Stratimus strobeli","species","51825","Hemingfordian","","20.43","15.97","2152"
"183992","occ","5309","","18007","Harrymys magnus","species","50779","Hemingfordian","","20.43","15.97","6294"
"183993","occ","","","18007","Schizodontomys amnicolus","species","51447","Hemingfordian","","20.43","15.97","2152"
"183994","occ","","","18008","Schizodontomys amnicolus","species","51447","Hemingfordian","","20.43","15.97","2152"
"183996","occ","","","18009","Schizodontomys amnicolus","species","51447","Hemingfordian","","20.43","15.97","2152"
"183998","occ","","","18010","Schizodontomys harkseni","species","46719","Hemingfordian","","20.43","15.97","2636"
"184066","occ","","","18027","Perognathus trojectioansrum","species","50228","Barstovian","","15.97","13.6","3510"
"184067","occ","","","18027","Cupidinimus nebraskensis","species","45396","Barstovian","","15.97","13.6","3510"
"184068","occ","5325","","18027","Mioheteromys amplissimus","species","48700","Barstovian","","15.97","13.6","2132"
"184071","occ","","","18027","Lignimus montis","species","47666","Barstovian","","15.97","13.6","3510"
"184103","occ","","","18031","Mioheteromys amplissimus","species","48700","Barstovian","","15.97","13.6","2132"
"184104","occ","","","18031","Perognathus trojectioansrum","species","50228","Barstovian","","15.97","13.6","3510"
"184105","occ","","","18031","Perognathus brevidens","species","50192","Barstovian","","15.97","13.6","3510"
"184106","occ","","","18031","Cupidinimus nebraskensis","species","45396","Barstovian","","15.97","13.6","3510"
"184342","occ","5410","","18066","Perognathus minutus","species","50216","Late Clarendonian","","13.6","10.3","2133"
"184343","occ","5411","","18066","Cupidinimus prattensis","species","45397","Late Clarendonian","","13.6","10.3","6294"
"184344","occ","5412","","18066","Cupidinimus tertius","species","45856","Late Clarendonian","","13.6","10.3","2133"
"184434","occ","","","18076","Perognathus mclaughlini","species","50214","Late Hemphillian","","10.3","4.9","1874"
"184435","occ","","","18076","Prodipodomys","genus","41689","Late Hemphillian","","10.3","4.9","1874"
"184500","occ","5464","","18082","Diprionomys agrarius","species","45848","Clarendonian","","13.6","10.3","6294"
"184586","occ","","","18090","Cupidinimus nebraskensis","species","45396","Barstovian","","15.97","13.6","3510"
"184587","occ","5486","","18090","Mioheteromys","genus","41684","Barstovian","","15.97","13.6","6294"
"184612","occ","5495","","18092","Mioheteromys","genus","41684","Clarendonian","","13.6","10.3","6294"
"184645","occ","","","18095","Diprionomys agrarius","species","45848","Clarendonian","","13.6","10.3","2132"
"184685","occ","","","18097","Cupidinimus","genus","41676","Hemphillian","","10.3","4.9","6209"
"184686","occ","","","18097","Prodipodomys","genus","41689","Hemphillian","","10.3","4.9","6209"
"184736","occ","","","18102","Cupidinimus nebraskensis","species","45396","Barstovian","","15.97","13.6","781"
"184847","occ","","","18121","Cupidinimus nebraskensis","species","45396","Barstovian","","15.97","13.6","3510"
"184848","occ","5559","","18121","Mioheteromys","genus","41684","Barstovian","","15.97","13.6","6294"
"184849","occ","5560","","18121","Harrymyinae","subfamily","322045","Barstovian","","15.97","13.6","6294"
"184914","occ","5584","","18126","Heteromyinae","subfamily","163515","Late Hemphillian","","10.3","4.9","6294"
"184915","occ","","","18126","Prodipodomys","genus","41689","Late Hemphillian","","10.3","4.9","3510"
"184957","occ","","","18130","Perognathus","genus","41688","Clarendonian","","13.6","10.3","3082"
"185013","occ","","","18140","Perognathus dunklei","species","50197","Hemphillian","","10.3","4.9","1842"
"185014","occ","5610","","18140","Prodipodomys kansensis","species","45826","Hemphillian","","10.3","4.9","1839"
"185043","occ","","","18141","Perognathus trojectioansrum","species","50228","Barstovian","","15.97","13.6","3503"
"185044","occ","5622","","18141","Cupidinimus nebraskensis","species","45396","Barstovian","","15.97","13.6","3510"
"185046","occ","","","18141","Lignimus montis","species","47666","Barstovian","","15.97","13.6","3503"
"185130","occ","","","18159","Diprionomys agrarius","species","45848","Clarendonian","","13.6","10.3","2132"
"185173","occ","","","18164","Perognathus trojectioansrum","species","50228","Barstovian","","15.97","13.6","3510"
"185174","occ","","","18164","Perognathus brevidens","species","50192","Barstovian","","15.97","13.6","3510"
"185175","occ","","","18164","Cupidinimus nebraskensis","species","45396","Barstovian","","15.97","13.6","3510"
"185211","occ","5671","","18165","Mookomys altifluminis","species","48808","Barstovian","","15.97","13.6","6294"
"185212","occ","","","18165","Cupidinimus nebraskensis","species","45396","Barstovian","","15.97","13.6","7564"
"185367","occ","","","18192","Cupidinimus nebraskensis","species","45396","Barstovian","","15.97","13.6","3510"
"185414","occ","5734","","18198","Heteromyinae","subfamily","163515","Hemphillian","","10.3","4.9","6294"
"185463","occ","","","18201","Prodipodomys","genus","41689","Hemphillian","","10.3","4.9","3510"
"185509","occ","","","18206","Perognathus trojectioansrum","species","50228","Barstovian","","15.97","13.6","3510"
"185510","occ","","","18206","Cupidinimus nebraskensis","species","45396","Barstovian","","15.97","13.6","3510"
"185552","occ","","","18208","Perognathus trojectioansrum","species","50228","Barstovian","","15.97","13.6","781"
"185553","occ","5771","","18208","Perognathus brevidens","species","50192","Barstovian","","15.97","13.6","6294"
"185554","occ","","","18208","Cupidinimus nebraskensis","species","45396","Barstovian","","15.97","13.6","781"
"185555","occ","","","18208","Peridiomys rusticus","species","50165","Barstovian","","15.97","13.6","781"
"185587","occ","","","18209","Perognathus trojectioansrum","species","50228","Barstovian","","15.97","13.6","3510"
"185588","occ","","","18209","Cupidinimus nebraskensis","species","45396","Barstovian","","15.97","13.6","3510"
"185626","occ","","","18212","Lignimus","genus","41682","Clarendonian","","13.6","10.3","3296"
"185746","occ","","","18223","Heteromyidae","family","41673","Barstovian","","15.97","13.6","712"
"185768","occ","5829","","18225","Heteromyinae","subfamily","163515","Hemphillian","","10.3","4.9","3510"
"185907","occ","5865","","18240","Perognathus brevidens","species","50192","Barstovian","","15.97","13.6","6294"
"185908","occ","","","18240","Cupidinimus nebraskensis","species","45396","Barstovian","","15.97","13.6","3510"
"185909","occ","5866","","18240","Mioheteromys","genus","41684","Barstovian","","15.97","13.6","6294"
"185910","occ","","","18240","Lignimus montis","species","47666","Barstovian","","15.97","13.6","3510"
"186058","occ","","","18259","Cupidinimus nebraskensis","species","45396","Miocene","","23.03","5.333","3510"
"186085","occ","","","18261","Cupidinimus nebraskensis","species","45396","Barstovian","","15.97","13.6","3510"
"186086","occ","","","18261","Lignimus montis","species","47666","Barstovian","","15.97","13.6","3510"
"186140","occ","5913","","18268","Perognathus coquorum","species","50195","Clarendonian","","13.6","10.3","6294"
"186141","occ","","","18268","Cupidinimus","genus","41676","Clarendonian","","13.6","10.3","1710"
"186199","occ","","","18275","Cupidinimus nebraskensis","species","45396","Barstovian","","15.97","13.6","3510"
"186247","occ","","","18281","Mioheteromys amplissimus","species","48700","Barstovian","","15.97","13.6","2132"
"186248","occ","","","18281","Peridiomys borealis","species","50160","Barstovian","","15.97","13.6","2132"
"186288","occ","10110","","18284","Perognathus trojectioansrum","species","50228","Barstovian","","15.97","13.6","3510"
"186289","occ","5961","","18284","Perognathus brevidens","species","50192","Barstovian","","15.97","13.6","2108"
"186290","occ","","","18284","Cupidinimus nebraskensis","species","45396","Barstovian","","15.97","13.6","7564"
"186291","occ","10111","","18284","Cupidinimus","genus","41676","Barstovian","","15.97","13.6","6294"
"186292","occ","5963","","18284","Mioheteromys amplissimus","species","48700","Barstovian","","15.97","13.6","2132"
"186295","occ","","","18284","Lignimus montis","species","47666","Barstovian","","15.97","13.6","3510"
"186352","occ","","","18292","Lignimus","genus","41682","Barstovian","","15.97","13.6","3296"
"186423","occ","","","18303","Heteromyidae","family","41673","Barstovian","","15.97","13.6","1717"
"186500","occ","","","18313","Cupidinimus nebraskensis","species","45396","Miocene","","23.03","5.333","3510"
"186522","occ","","","18315","Heteromyidae","family","41673","Clarendonian","","13.6","10.3","3475"
"186609","occ","","","18324","Mioheteromys amplissimus","species","48700","Clarendonian","","13.6","10.3","2133"
"186657","occ","","","18327","Diprionomys agrarius","species","45848","Late Clarendonian","","13.6","10.3","2136"
"186658","occ","","","18327","Cupidinimus prattensis","species","45397","Late Clarendonian","","13.6","10.3","2136"
"186659","occ","","","18327","Lignimus","genus","41682","Late Clarendonian","","13.6","10.3","2136"
"186688","occ","","","18332","Cupidinimus nebraskensis","species","45396","Barstovian","","15.97","13.6","3510"
"186689","occ","6072","","18332","Cupidinimus","genus","41676","Barstovian","","15.97","13.6","6294"
"186764","occ","","","18344","Perognathus trojectioansrum","species","50228","Clarendonian","","13.6","10.3","3356"
"186795","occ","","","18350","Cupidinimus nebraskensis","species","45396","Miocene","","23.03","5.333","3510"
"186796","occ","6101","","18350","Mioheteromys","genus","41684","Miocene","","23.03","5.333","6294"
"186814","occ","6108","","18353","Cupidinimus","genus","41676","Barstovian","","15.97","13.6","6294"
"186866","occ","6122","","18359","Heteromyinae","subfamily","163515","Late Hemphillian","","10.3","4.9","6294"
"186920","occ","6136","","18366","Mioheteromys","genus","41684","Clarendonian","","13.6","10.3","6294"
"186957","occ","","","18376","Cupidinimus nebraskensis","species","45396","Barstovian","","15.97","13.6","3510"
"187034","occ","","","18397","Perognathus trojectioansrum","species","50228","Barstovian","","15.97","13.6","2129"
"187035","occ","","","18397","Perognathus brevidens","species","50192","Barstovian","","15.97","13.6","2129"
"187036","occ","","","18397","Cupidinimus smaragdinus","species","45400","Barstovian","","15.97","13.6","2129"
"187037","occ","6172","","18397","Mioheteromys arcarius","species","45849","Barstovian","","15.97","13.6","2129"
"187038","occ","","","18397","Lignimus austridakotensis","species","47664","Barstovian","","15.97","13.6","2129"
"187140","occ","6202","","18424","Heteromyinae","subfamily","163515","Clarendonian","Hemphillian","13.6","4.9","6294"
"187176","occ","","","18434","Diprionomys agrarius","species","45848","Clarendonian","","13.6","10.3","2132"
"187177","occ","","","18435","Cupidinimus nebraskensis","species","45396","Barstovian","","15.97","13.6","1018"
"187218","occ","","","18442","Perognathus furlongi","species","50203","Barstovian","","15.97","13.6","1467"
"187219","occ","","","18442","Perognathus trojectioansrum","species","50228","Barstovian","","15.97","13.6","3510"
"187220","occ","","","18442","Cupidinimus nebraskensis","species","45396","Barstovian","","15.97","13.6","7564"
"187276","occ","","","18443","Heteromyidae","family","41673","Barstovian","","15.97","13.6","5714"
"187356","occ","6271","","18450","Heteromyinae","subfamily","163515","Clarendonian","","13.6","10.3","6294"
"187370","occ","6278","","18452","Cupidinimus prattensis","species","45397","Clarendonian","","13.6","10.3","6294"
"187380","occ","","","18454","Perognathus trojectioansrum","species","50228","Barstovian","","15.97","13.6","3510"
"187381","occ","","","18454","Cupidinimus nebraskensis","species","45396","Barstovian","","15.97","13.6","3510"
"187605","occ","","","18498","Cupidinimus nebraskensis","species","45396","Barstovian","","15.97","13.6","3510"
"187610","occ","6368","","18499","Perognathus coquorum","species","50195","Hemphillian","","10.3","4.9","6294"
"187659","occ","","","18508","Heteromyidae","family","41673","Miocene","","23.03","5.333","6224"
"187690","occ","","","18512","Proheteromys floridanus","species","50773","Late Hemingfordian","","20.43","15.97","2614"
"187790","occ","","","18538","Perognathus minutus","species","50216","Early Barstovian","","15.97","13.6","1145"
"187833","occ","","","18549","Perognathus minutus","species","50216","Early Barstovian","","15.97","13.6","1145"
"187960","occ","6505","","18561","Harrymys magnus","species","50779","Hemingfordian","","20.43","15.97","6294"
"187961","occ","","","18561","Proheteromys floridanus","species","50773","Hemingfordian","","20.43","15.97","3135"
"188088","occ","6546","","18579","Harrymys magnus","species","50779","Early Hemingfordian","","20.43","15.97","6294"
"188138","occ","","","18586","Proheteromys floridanus","species","50773","Hemingfordian","","20.43","15.97","2692"
"188176","occ","6577","","18597","Harrymys magnus","species","50779","Hemingfordian","","20.43","15.97","6294"
"188177","occ","","","18597","Proheteromys floridanus","species","50773","Hemingfordian","","20.43","15.97","2690"
"188334","occ","","","18619","Heteromyidae","family","41673","Barstovian","","15.97","13.6","3033"
"188585","occ","","","18663","Proheteromys sabinensis","species","50784","Aquitanian","","23.03","20.44","934"
"188586","occ","","","18663","Proheteromys toledoensis","species","50787","Aquitanian","","23.03","20.44","934"
"188917","occ","6841","","18755","Heteromyinae","subfamily","163515","Late Hemphillian","","10.3","4.9","6294"
"188918","occ","","","18755","Prodipodomys idahoensis","species","50759","Late Hemphillian","","10.3","4.9","2245"
"188994","occ","","","18759","Harrymys canadensis","species","46811","Barstovian","","15.97","13.6","2125"
"188995","occ","6872","","18759","Perognathus trojectioansrum","species","50228","Barstovian","","15.97","13.6","6294"
"188996","occ","6873","","18759","Perognathus saskatchewanensis","species","50224","Barstovian","","15.97","13.6","6294"
"188997","occ","6874","","18759","Perognathoides kleinfelderi","species","50182","Barstovian","","15.97","13.6","6294"
"188998","occ","6875","","18759","Peridiomys borealis","species","50160","Barstovian","","15.97","13.6","6294"
"188999","occ","6876","","18759","Mioheteromys arcarius","species","45849","Barstovian","","15.97","13.6","6294"
"189000","occ","","","18759","Lignimus montis","species","47666","Barstovian","","15.97","13.6","3295"
"189195","occ","","","18803","Mookomys thrinax","species","48813","Early Barstovian","","15.97","13.6","3342"
"189196","occ","6974","","18803","Mookomys formicarum","species","48810","Early Barstovian","","15.97","13.6","6294"
"189198","occ","","","18803","Peridiomys halis","species","50161","Early Barstovian","","15.97","13.6","3342"
"189199","occ","","","18803","Perognathus ancenensis","species","50186","Early Barstovian","","15.97","13.6","3342"
"189200","occ","","","18803","Perognathus","genus","41688","Early Barstovian","","15.97","13.6","3342"
"189201","occ","","","18803","Cupidinimus halli","species","50181","Early Barstovian","","15.97","13.6","3342"
"189202","occ","","","18803","Perognathoides eurekensis","species","50180","Early Barstovian","","15.97","13.6","3342"
"189255","occ","","","18807","Diprionomys parvus","species","45853","Hemphillian","","10.3","4.9","3118"
"189256","occ","","","18807","Cupidinimus magnus","species","45850","Hemphillian","","10.3","4.9","3118"
"189269","occ","6999","","18809","Heteromyidae","family","41673","Barstovian","","15.97","13.6","6294"
"189319","occ","","","18820","Cupidinimus","genus","41676","Clarendonian","","13.6","10.3","3119"
"189439","occ","","","18845","Perognathus minutus","species","50216","Clarendonian","","13.6","10.3","1489"
"189440","occ","7071","","18845","Perognathoides quartus","species","45854","Clarendonian","","13.6","10.3","6294"
"189441","occ","7072","","18845","Cupidinimus cuyamensis","species","50179","Clarendonian","","13.6","10.3","6294"
"189484","occ","","","18848","Cupidinimus","genus","41676","early Late Barstovian","","15.97","13.6","1152"
"189486","occ","","","18848","Lignimus","genus","41682","early Late Barstovian","","15.97","13.6","1152"
"189559","occ","","","18868","Perognathus furlongi","species","50203","Barstovian","","15.97","13.6","1019"
"189560","occ","7107","","18868","Cupidinimus whitlocki","species","45402","Barstovian","","15.97","13.6","1018"
"189562","occ","7109","","18868","Mioheteromys amplissimus","species","48700","Barstovian","","15.97","13.6","2132"
"189625","occ","","","18888","Diprionomys parvus","species","45853","Clarendonian","","13.6","10.3","1236"
"189626","occ","7138","","18888","Perognathoides quartus","species","45854","Clarendonian","","13.6","10.3","6294"
"189627","occ","7139","","18888","Cupidinimus tertius","species","45856","Clarendonian","","13.6","10.3","6294"
"189728","occ","","","18908","Heteromyidae","family","41673","Hemingfordian","","20.43","15.97","2634"
"189746","occ","","","18915","Cupidinimus","genus","41676","Early Hemingfordian","Early Barstovian","20.43","13.6","2496"
"189832","occ","","","18936","Diprionomys parvus","species","45853","Hemphillian","","10.3","4.9","3118"
"189850","occ","","","18939","Perognathus stevei","species","50226","Hemphillian","","10.3","4.9","2411"
"189851","occ","","","18939","Oregonomys pebblespringsensis","species","49377","Hemphillian","","10.3","4.9","2411"
"189860","occ","","","18940","Perognathus stevei","species","50226","Hemphillian","","10.3","4.9","2411"
"189861","occ","","","18940","Oregonomys pebblespringsensis","species","49377","Hemphillian","","10.3","4.9","2411"
"189870","occ","","","18941","Harrymys","genus","41681","Miocene","","23.03","5.333","2634"
"189893","occ","","","18944","Diprionomys parvus","species","45853","Hemphillian","","10.3","4.9","3118"
"189894","occ","","","18944","Cupidinimus magnus","species","45850","Hemphillian","","10.3","4.9","3118"
"190018","occ","7280","","18970","Oregonomys sargenti","species","50223","Hemphillian","","10.3","4.9","6294"
"190065","occ","","","18978","Dikkomys","genus","41677","Miocene","","23.03","5.333","2634"
"190112","occ","","","18990","Perognathus furlongi","species","50203","Barstovian","","15.97","13.6","1019"
"190113","occ","7313","","18990","Cupidinimus whitlocki","species","45402","Barstovian","","15.97","13.6","1018"
"190115","occ","7315","","18990","Mioheteromys amplissimus","species","48700","Barstovian","","15.97","13.6","2132"
"190155","occ","","","19000","Cupidinimus","genus","41676","Miocene","","23.03","5.333","1152"
"190157","occ","","","19000","Lignimus","genus","41682","Miocene","","23.03","5.333","1152"
"190193","occ","7344","","19011","Peridiomys oregonensis","species","45852","Barstovian","","15.97","13.6","6294"
"190217","occ","","","19013","Heteromyidae","family","41673","Barstovian","","15.97","13.6","2653"
"190277","occ","7381","","19017","Peridiomys oregonensis","species","45852","Barstovian","","15.97","13.6","6294"
"190315","occ","","","19025","Heteromyidae","family","41673","Miocene","","23.03","5.333","1393"
"190453","occ","7448","","19056","Peridiomys oregonensis","species","45852","Barstovian","","15.97","13.6","6294"
"190516","occ","","","19073","Schizodontomys harkseni","species","46719","Hemingfordian","","20.43","15.97","2634"
"190517","occ","","","19073","Harrymys irvini","species","46812","Hemingfordian","","20.43","15.97","2634"
"190553","occ","","","19074","Schizodontomys harkseni","species","46719","Hemingfordian","","20.43","15.97","2634"
"190554","occ","","","19074","Harrymys irvini","species","46812","Hemingfordian","","20.43","15.97","2634"
"190583","occ","","","19075","Schizodontomys harkseni","species","46719","Hemingfordian","","20.43","15.97","2634"
"190584","occ","","","19075","Harrymys irvini","species","46812","Hemingfordian","","20.43","15.97","2634"
"190585","occ","","","19075","Harrymys woodi","species","45738","Hemingfordian","","20.43","15.97","2634"
"190613","occ","","","19076","Harrymys irvini","species","46812","Hemingfordian","","20.43","15.97","2634"
"190614","occ","","","19076","Harrymys woodi","species","45738","Hemingfordian","","20.43","15.97","2634"
"190655","occ","","","19079","Harrymys irvini","species","46812","Hemingfordian","","20.43","15.97","2634"
"190699","occ","","","19085","Oregonomys pebblespringsensis","species","49377","Hemphillian","","10.3","4.9","1052"
"190738","occ","7551","","19088","Cupidinimus","genus","41676","Barstovian","","15.97","13.6","6294"
"190787","occ","","","19095","Diprionomys parvus","species","45853","Hemphillian","","10.3","4.9","3234"
"190788","occ","7572","","19095","Cupidinimus magnus","species","45850","Hemphillian","","10.3","4.9","6294"
"190901","occ","","","19116","Perognathus stevei","species","50226","Hemphillian","","10.3","4.9","2411"
"190902","occ","","","19116","Oregonomys pebblespringsensis","species","49377","Hemphillian","","10.3","4.9","2411"
"190952","occ","7636","","19139","Mookomys subtilis","species","48812","Barstovian","","15.97","13.6","6294"
"190953","occ","","","19139","Proheteromys sulculus","species","50785","Barstovian","","15.97","13.6","2881"
"190954","occ","","","19139","Cupidinimus boronensis","species","45387","Barstovian","","15.97","13.6","2881"
"190962","occ","","","19141","Proheteromys sulculus","species","50785","Barstovian","","15.97","13.6","2881"
"190963","occ","","","19141","Perognathus minutus","species","50216","Barstovian","","15.97","13.6","2881"
"190964","occ","","","19141","Perognathus furlongi","species","50203","Barstovian","","15.97","13.6","2881"
"190965","occ","","","19141","Cupidinimus lindsayi","species","45392","Barstovian","","15.97","13.6","2881"
"190966","occ","","","19141","Cupidinimus halli","species","50181","Barstovian","","15.97","13.6","2881"
"190967","occ","7641","","19141","Peridiomys oregonensis","species","45852","Barstovian","","15.97","13.6","6294"
"190969","occ","","","19141","Diprionomys parvus","species","45853","Barstovian","","15.97","13.6","2881"
"190986","occ","","","19145","Perognathus minutus","species","50216","Clarendonian","","13.6","10.3","3628"
"190987","occ","","","19145","Perognathus","genus","41688","Clarendonian","","13.6","10.3","3628"
"190988","occ","7647","","19145","Cupidinimus avawatzensis","species","45385","Clarendonian","","13.6","10.3","1018"
"190989","occ","","","19145","Cupidinimus","genus","41676","Clarendonian","","13.6","10.3","3628"
"191043","occ","7672","","19170","Cupidinimus lindsayi","species","45392","Barstovian","","15.97","13.6","1018"
"191050","occ","","","19173","Perognathus minutus","species","50216","Barstovian","","15.97","13.6","2243"
"191051","occ","","","19173","Perognathus furlongi","species","50203","Barstovian","","15.97","13.6","2243"
"191052","occ","7674","","19173","Cupidinimus lindsayi","species","45392","Barstovian","","15.97","13.6","1018"
"191055","occ","7676","","19174","Cupidinimus lindsayi","species","45392","Barstovian","","15.97","13.6","1018"
"191056","occ","7677","","19174","Cupidinimus halli","species","50181","Barstovian","","15.97","13.6","6294"
"191075","occ","","","19181","Perognathus furlongi","species","50203","Clarendonian","","13.6","10.3","2012"
"191076","occ","","","19181","Perognathus minutus","species","50216","Clarendonian","","13.6","10.3","2012"
"191088","occ","7689","","19184","Cupidinimus halli","species","50181","Barstovian","","15.97","13.6","6294"
"191119","occ","","","19188","Heteromyinae","subfamily","163515","Early Hemingfordian","","20.43","15.97","1587"
"191137","occ","7709","","19193","Mookomys formicarum","species","48810","Barstovian","","15.97","13.6","6294"
"191138","occ","","","19193","Perognathus minutus","species","50216","Barstovian","","15.97","13.6","2243"
"191139","occ","","","19193","Perognathus furlongi","species","50203","Barstovian","","15.97","13.6","2243"
"191140","occ","7710","","19193","Cupidinimus lindsayi","species","45392","Barstovian","","15.97","13.6","1018"
"191141","occ","7711","","19193","Cupidinimus halli","species","50181","Barstovian","","15.97","13.6","6294"
"191149","occ","","","19194","Trogomys rupinimenthae","species","52523","Hemingfordian","","20.43","15.97","3625"
"191150","occ","","","19194","Cupidinimus boronensis","species","45387","Hemingfordian","","20.43","15.97","3625"
"191310","occ","","","19271","Perognathus minutus","species","50216","Barstovian","","15.97","13.6","2243"
"191311","occ","","","19271","Perognathus furlongi","species","50203","Barstovian","","15.97","13.6","2243"
"191312","occ","7766","","19271","Cupidinimus lindsayi","species","45392","Barstovian","","15.97","13.6","1018"
"191313","occ","7767","","19271","Cupidinimus halli","species","50181","Barstovian","","15.97","13.6","6294"
"191349","occ","7782","","19279","Cupidinimus lindsayi","species","45392","Barstovian","","15.97","13.6","1018"
"191350","occ","7783","","19279","Cupidinimus halli","species","50181","Barstovian","","15.97","13.6","6294"
"191361","occ","7787","","19280","Cupidinimus lindsayi","species","45392","Barstovian","","15.97","13.6","1018"
"191362","occ","7788","","19280","Cupidinimus halli","species","50181","Barstovian","","15.97","13.6","6294"
"191372","occ","","","19281","Perognathus minutus","species","50216","Barstovian","","15.97","13.6","2243"
"191373","occ","","","19281","Perognathus furlongi","species","50203","Barstovian","","15.97","13.6","2243"
"191374","occ","7792","","19281","Cupidinimus lindsayi","species","45392","Barstovian","","15.97","13.6","1018"
"191375","occ","7793","","19281","Cupidinimus halli","species","50181","Barstovian","","15.97","13.6","6294"
"191379","occ","7795","","19282","Cupidinimus halli","species","50181","Barstovian","","15.97","13.6","6294"
"191380","occ","7796","","19283","Cupidinimus halli","species","50181","Barstovian","","15.97","13.6","6294"
"191381","occ","7797","","19284","Cupidinimus halli","species","50181","Barstovian","","15.97","13.6","6294"
"191453","occ","7828","","19304","Mookomys formicarum","species","48810","Barstovian","","15.97","13.6","6294"
"191454","occ","","","19304","Perognathus furlongi","species","50203","Barstovian","","15.97","13.6","2243"
"191455","occ","7829","","19304","Cupidinimus lindsayi","species","45392","Barstovian","","15.97","13.6","1018"
"191456","occ","7830","","19304","Cupidinimus halli","species","50181","Barstovian","","15.97","13.6","6294"
"191465","occ","7835","","19305","Mookomys formicarum","species","48810","Barstovian","","15.97","13.6","2247"
"191467","occ","","","19305","Cupidinimus lindsayi","species","45392","Barstovian","","15.97","13.6","2247"
"191468","occ","","","19305","Cupidinimus halli","species","50181","Barstovian","","15.97","13.6","2246"
"191477","occ","","","19309","Perognathus furlongi","species","50203","Miocene","","23.03","5.333","2880"
"191478","occ","","","19309","Cupidinimus lindsayi","species","45392","Miocene","","23.03","5.333","2880"
"191491","occ","","","19313","Perognathus minutus","species","50216","Barstovian","","15.97","13.6","2881"
"191492","occ","","","19313","Perognathus furlongi","species","50203","Barstovian","","15.97","13.6","2881"
"191494","occ","","","19313","Cupidinimus lindsayi","species","45392","Barstovian","","15.97","13.6","2881"
"191529","occ","","","19321","Cupidinimus lindsayi","species","45392","Barstovian","","15.97","13.6","2247"
"191530","occ","7855","","19321","Cupidinimus halli","species","50181","Barstovian","","15.97","13.6","6294"
"191531","occ","","","19321","Perognathoides eurekensis","species","50180","Barstovian","","15.97","13.6","2247"
"191535","occ","","","19322","Perognathus minutus","species","50216","Clarendonian","","13.6","10.3","3627"
"191551","occ","","","19322","Cupidinimus","genus","41676","Clarendonian","","13.6","10.3","3627"
"191554","occ","","","19323","Perognathus minutus","species","50216","Clarendonian","","13.6","10.3","3627"
"191566","occ","","","19323","Cupidinimus","genus","41676","Clarendonian","","13.6","10.3","3627"
"191571","occ","","","19324","Perognathus minutus","species","50216","Clarendonian","","13.6","10.3","3627"
"191575","occ","","","19324","Cupidinimus","genus","41676","Clarendonian","","13.6","10.3","3627"
"191613","occ","7885","","19343","Mookomys formicarum","species","48810","Barstovian","","15.97","13.6","6294"
"191614","occ","","","19343","Perognathus furlongi","species","50203","Barstovian","","15.97","13.6","2243"
"191615","occ","7886","","19343","Cupidinimus halli","species","50181","Barstovian","","15.97","13.6","6294"
"191616","occ","7887","","19343","Perognathoides eurekensis","species","50180","Barstovian","","15.97","13.6","6294"
"191662","occ","","","19358","Trogomys","genus","41693","Hemingfordian","","20.43","15.97","2885"
"191680","occ","","","19361","Perognathus furlongi","species","50203","Clarendonian","","13.6","10.3","2012"
"191689","occ","7911","","19363","Cupidinimus lindsayi","species","45392","Barstovian","","15.97","13.6","1018"
"191720","occ","","","19369","Perognathus furlongi","species","50203","Barstovian","","15.97","13.6","2880"
"191721","occ","","","19369","Perognathus minutus","species","50216","Barstovian","","15.97","13.6","2880"
"191722","occ","","","19369","Proheteromys sulculus","species","50785","Barstovian","","15.97","13.6","2880"
"191723","occ","","","19369","Trogomys","genus","41693","Barstovian","","15.97","13.6","2880"
"191768","occ","","","19383","Perognathus minutus","species","50216","Clarendonian","","13.6","10.3","3627"
"191769","occ","","","19383","Cupidinimus tertius","species","45856","Clarendonian","","13.6","10.3","3627"
"191781","occ","","","19384","Cupidinimus tertius","species","45856","Clarendonian","","13.6","10.3","3627"
"191785","occ","","","19384","Perognathus minutus","species","50216","Clarendonian","","13.6","10.3","3627"
"191786","occ","","","19384","Cupidinimus avawatzensis","species","45385","Clarendonian","","13.6","10.3","3627"
"191829","occ","","","19392","Proheteromys maximus","species","50781","Barstovian","","15.97","13.6","2012"
"191830","occ","","","19392","Perognathus furlongi","species","50203","Barstovian","","15.97","13.6","2012"
"191897","occ","","","19416","Perognathus minutus","species","50216","Barstovian","","15.97","13.6","2243"
"191898","occ","","","19416","Perognathus furlongi","species","50203","Barstovian","","15.97","13.6","2243"
"191899","occ","7982","","19416","Cupidinimus lindsayi","species","45392","Barstovian","","15.97","13.6","1018"
"191900","occ","7983","","19416","Cupidinimus halli","species","50181","Barstovian","","15.97","13.6","6294"
"191932","occ","","","19423","Perognathoides eurekensis","species","50180","Barstovian","","15.97","13.6","2247"
"191953","occ","8003","","19430","Mookomys subtilis","species","48812","Barstovian","","15.97","13.6","6294"
"191954","occ","","","19430","Perognathus minutus","species","50216","Barstovian","","15.97","13.6","2243"
"191955","occ","","","19430","Perognathus furlongi","species","50203","Barstovian","","15.97","13.6","2243"
"191956","occ","8004","","19430","Cupidinimus lindsayi","species","45392","Barstovian","","15.97","13.6","1018"
"191957","occ","8005","","19430","Cupidinimus halli","species","50181","Barstovian","","15.97","13.6","6294"
"192289","occ","","","19514","Perognathus mclaughlini","species","50214","Late Hemphillian","","10.3","4.9","2005"
"192290","occ","","","19514","Perognathus henryredfieldi","species","50206","Late Hemphillian","","10.3","4.9","2005"
"192291","occ","","","19514","Prodipodomys kansensis","species","45826","Late Hemphillian","","10.3","4.9","2005"
"192339","occ","","","19517","Cupidinimus tertius","species","45856","Clarendonian","","13.6","10.3","3627"
"192340","occ","","","19517","Perognathus furlongi","species","50203","Clarendonian","","13.6","10.3","3626"
"192341","occ","8166","","19517","Perognathus minutus","species","50216","Clarendonian","","13.6","10.3","6294"
"192377","occ","","","19522","Perognathus minutus","species","50216","Barstovian","","15.97","13.6","2243"
"192378","occ","","","19522","Perognathus furlongi","species","50203","Barstovian","","15.97","13.6","2243"
"192379","occ","8183","","19522","Cupidinimus lindsayi","species","45392","Barstovian","","15.97","13.6","1018"
"192380","occ","8184","","19522","Cupidinimus halli","species","50181","Barstovian","","15.97","13.6","6294"
"192394","occ","","","19523","Perognathus furlongi","species","50203","Barstovian","","15.97","13.6","2243"
"192395","occ","8188","","19523","Cupidinimus lindsayi","species","45392","Barstovian","","15.97","13.6","1018"
"192396","occ","8189","","19523","Cupidinimus halli","species","50181","Barstovian","","15.97","13.6","6294"
"192401","occ","","","19524","Perognathus minutus","species","50216","Barstovian","","15.97","13.6","2243"
"192405","occ","8193","","19526","Cupidinimus lindsayi","species","45392","Barstovian","","15.97","13.6","1018"
"192407","occ","8195","","19527","Cupidinimus halli","species","50181","Barstovian","","15.97","13.6","6294"
"192447","occ","","","19535","Perognathus minutus","species","50216","Barstovian","","15.97","13.6","2135"
"192496","occ","","","19536","Proheteromys sulculus","species","50785","Miocene","","23.03","5.333","2880"
"192505","occ","","","19538","Heteromyinae","subfamily","163515","early Early Hemphillian","","10.3","4.9","3224"
"192523","occ","","","19541","Perognathus furlongi","species","50203","Clarendonian","","13.6","10.3","2012"
"192544","occ","","","19547","Perognathoides kleinfelderi","species","50182","Early Barstovian","","15.97","13.6","2135"
"192585","occ","","","19549","Cupidinimus lindsayi","species","45392","Barstovian","","15.97","13.6","2247"
"192597","occ","","","19550","Perognathus minutus","species","50216","Barstovian","","15.97","13.6","2243"
"192598","occ","","","19550","Perognathus furlongi","species","50203","Barstovian","","15.97","13.6","2243"
"192599","occ","8254","","19550","Cupidinimus lindsayi","species","45392","Barstovian","","15.97","13.6","1018"
"192600","occ","8255","","19550","Cupidinimus halli","species","50181","Barstovian","","15.97","13.6","6294"
"192638","occ","","","19557","Perognathus minutus","species","50216","Barstovian","","15.97","13.6","2243"
"192639","occ","","","19557","Perognathus furlongi","species","50203","Barstovian","","15.97","13.6","2243"
"192640","occ","8269","","19557","Cupidinimus lindsayi","species","45392","Barstovian","","15.97","13.6","6294"
"192641","occ","8270","","19557","Cupidinimus halli","species","50181","Barstovian","","15.97","13.6","6294"
"192656","occ","8274","","19558","Cupidinimus lindsayi","species","45392","Barstovian","","15.97","13.6","1018"
"192657","occ","8275","","19558","Cupidinimus halli","species","50181","Barstovian","","15.97","13.6","6294"
"192661","occ","8276","","19560","Cupidinimus lindsayi","species","45392","Barstovian","","15.97","13.6","1018"
"192662","occ","8277","","19560","Cupidinimus halli","species","50181","Barstovian","","15.97","13.6","6294"
"192664","occ","8278","","19561","Cupidinimus halli","species","50181","Barstovian","","15.97","13.6","6294"
"192668","occ","","","19564","Perognathus minutus","species","50216","Miocene","","23.03","5.333","2880"
"192669","occ","","","19564","Perognathus furlongi","species","50203","Miocene","","23.03","5.333","2880"
"192670","occ","","","19564","Cupidinimus halli","species","50181","Miocene","","23.03","5.333","2880"
"192685","occ","","","19569","Cupidinimus","genus","41676","Hemphillian","","10.3","4.9","2883"
"192686","occ","","","19569","Diprionomys","genus","41679","Hemphillian","","10.3","4.9","2883"
"192706","occ","","","19577","Proheteromys maximus","species","50781","Miocene","","23.03","5.333","2880"
"192712","occ","","","19578","Cupidinimus","genus","41676","Miocene","","23.03","5.333","2880"
"192714","occ","","","19579","Cupidinimus halli","species","50181","Miocene","","23.03","5.333","2880"
"192715","occ","","","19579","Perognathus furlongi","species","50203","Miocene","","23.03","5.333","2880"
"192739","occ","8295","","19585","Mookomys formicarum","species","48810","Barstovian","","15.97","13.6","2247"
"192740","occ","","","19585","Cupidinimus lindsayi","species","45392","Barstovian","","15.97","13.6","2247"
"192741","occ","","","19585","Cupidinimus halli","species","50181","Barstovian","","15.97","13.6","2246"
"192746","occ","","","19586","Proheteromys sulculus","species","50785","Miocene","","23.03","5.333","3759"
"192795","occ","","","19599","Proheteromys sulculus","species","50785","Hemingfordian","","20.43","15.97","2244"
"192796","occ","8326","","19599","Harrymys magnus","species","50779","Hemingfordian","","20.43","15.97","2244"
"192829","occ","30064","","19604","Perognathus","genus","41688","Late Hemphillian","","10.3","4.9","51761"
"192846","occ","8348","","19605","Mookomys formicarum","species","48810","Barstovian","","15.97","13.6","2247"
"192863","occ","8357","","19610","Cupidinimus bidahochiensis","species","50178","Late Hemphillian","","10.3","4.9","6294"
"192935","occ","","","19618","Perognathus","genus","41688","Blancan","","4.9","1.8","1292"
"192955","occ","8384","","19620","Perognathus strigipredus","species","50227","Blancan","","4.9","1.8","1293"
"192956","occ","8385","","19620","Prodipodomys idahoensis","species","50759","Blancan","","4.9","1.8","1293"
"192966","occ","8391","","19621","Prodipodomys idahoensis","species","50759","Blancan","","4.9","1.8","1293"
"192973","occ","","","19622","Prodipodomys","genus","41689","Blancan","","4.9","1.8","1291"
"192984","occ","","","19624","Dipodomys minor","species","45829","Blancan","","4.9","1.8","2040"
"193001","occ","","","19625","Prodipodomys","genus","41689","Blancan","","4.9","1.8","2252"
"193029","occ","","","19628","Dipodomys minor","species","45829","Blancan","","4.9","1.8","1603"
"193067","occ","","","19631","Prodipodomys","genus","41689","Blancan","","4.9","1.8","2252"
"193090","occ","","","19636","Prodipodomys","genus","41689","Blancan","","4.9","1.8","2252"
"193107","occ","","","19638","Dipodomys minor","species","45829","Blancan","","4.9","1.8","2040"
"193123","occ","","","19642","Dipodomys minor","species","45829","Blancan","","4.9","1.8","2040"
"193143","occ","","","19646","Prodipodomys idahoensis","species","50759","Blancan","","4.9","1.8","2040"
"193173","occ","","","19650","Perognathus pearlettensis","species","50219","Blancan","","4.9","1.8","1797"
"193174","occ","","","19650","Perognathus gidleyi","species","50204","Blancan","","4.9","1.8","1797"
"193175","occ","","","19650","Prodipodomys idahoensis","species","50759","Blancan","","4.9","1.8","1797"
"193176","occ","","","19650","Dipodomys hibbardi","species","45824","Blancan","","4.9","1.8","939"
"193209","occ","","","19652","Dipodomys hibbardi","species","45824","Blancan","Irvingtonian","4.9","0.3","6199"
"193233","occ","","","19654","Perognathus gidleyi","species","50204","Blancan","","4.9","1.8","6199"
"193308","occ","","","19658","Perognathus gidleyi","species","50204","Blancan","","4.9","1.8","6199"
"193309","occ","","","19658","Dipodomys hibbardi","species","45824","Blancan","","4.9","1.8","1584"
"193310","occ","8472","","19658","Dipodomys gidleyi","species","45823","Blancan","","4.9","1.8","6199"
"193337","occ","","","19659","Dipodomys hibbardi","species","45824","Blancan","","4.9","1.8","6199"
"193434","occ","","","19703","Heteromyidae","family","41673","Piacenzian","","3.6","2.588","1360"
"193456","occ","","","19705","Perognathus","genus","41688","Blancan","","4.9","1.8","3523"
"193496","occ","","","19714","Dipodomys","genus","41678","Blancan","","4.9","1.8","1682"
"193515","occ","","","19715","Cupidinimus bidahochiensis","species","50178","Blancan","","4.9","1.8","2725"
"193544","occ","","","19719","Cupidinimus bidahochiensis","species","50178","Blancan","","4.9","1.8","2725"
"193564","occ","","","19722","Dipodomys","genus","41678","Blancan","","4.9","1.8","2725"
"193572","occ","","","19725","Dipodomys","genus","41678","Blancan","","4.9","1.8","2725"
"193582","occ","","","19728","Prodipodomys timoteoensis","species","50766","Blancan","","4.9","1.8","939"
"193584","occ","","","19729","Prodipodomys timoteoensis","species","50766","Blancan","","4.9","1.8","939"
"193586","occ","","","19730","Prodipodomys timoteoensis","species","50766","Blancan","","4.9","1.8","939"
"193587","occ","","","19730","Prodipodomys riversidensis","species","50764","Blancan","","4.9","1.8","939"
"193591","occ","","","19732","Prodipodomys timoteoensis","species","50766","Blancan","","4.9","1.8","939"
"193592","occ","","","19732","Prodipodomys riversidensis","species","50764","Blancan","","4.9","1.8","939"
"193602","occ","","","19736","Prodipodomys idahoensis","species","50759","Blancan","","4.9","1.8","938"
"193603","occ","","","19736","Prodipodomys timoteoensis","species","50766","Blancan","","4.9","1.8","939"
"193604","occ","","","19736","Prodipodomys","genus","41689","Blancan","","4.9","1.8","938"
"193619","occ","","","19737","Dipodomys","genus","41678","Blancan","","4.9","1.8","939"
"193635","occ","","","19739","Prodipodomys","genus","41689","Blancan","","4.9","1.8","938"
"193636","occ","","","19739","Dipodomys","genus","41678","Blancan","","4.9","1.8","938"
"193642","occ","","","19740","Dipodomys","genus","41678","Blancan","","4.9","1.8","938"
"193643","occ","","","19740","Prodipodomys timoteoensis","species","50766","Blancan","","4.9","1.8","939"
"193644","occ","","","19740","Prodipodomys","genus","41689","Blancan","","4.9","1.8","938"
"193651","occ","","","19742","Prodipodomys","genus","41689","Blancan","","4.9","1.8","939"
"193656","occ","","","19744","Prodipodomys centralis","species","47711","Blancan","","4.9","1.8","1766"
"193931","occ","8628","","19815","Oregonomys magnus","species","50212","Blancan","","4.9","1.8","6294"
"193932","occ","","","19815","Perognathus maldei","species","50213","Blancan","","4.9","1.8","3787"
"194000","occ","","","19846","Perognathus maldei","species","50213","Blancan","","4.9","1.8","3787"
"194008","occ","","","19852","Prodipodomys idahoensis","species","50759","Blancan","","4.9","1.8","3787"
"194084","occ","","","19903","Perognathus maldei","species","50213","Blancan","","4.9","1.8","3787"
"194085","occ","","","19903","Prodipodomys idahoensis","species","50759","Blancan","","4.9","1.8","3787"
"194098","occ","","","19905","Prodipodomys idahoensis","species","50759","Blancan","","4.9","1.8","1885"
"194106","occ","","","19906","Perognathus maldei","species","50213","Blancan","","4.9","1.8","3787"
"194107","occ","","","19906","Prodipodomys idahoensis","species","50759","Blancan","","4.9","1.8","3787"
"194224","occ","","","19922","Perognathus mclaughlini","species","50214","Blancan","","4.9","1.8","1889"
"194225","occ","","","19922","Prodipodomys griggsorum","species","50757","Blancan","","4.9","1.8","3788"
"194226","occ","","","19922","Perognathus coquorum","species","50195","Blancan","","4.9","1.8","2126"
"194261","occ","","","19927","Perognathus pearlettensis","species","50219","Blancan","","4.9","1.8","1894"
"194262","occ","","","19927","Perognathus gidleyi","species","50204","Blancan","","4.9","1.8","1894"
"194263","occ","8759","","19927","Prodipodomys tiheni","species","46344","Blancan","","4.9","1.8","6294"
"194264","occ","","","19927","Dipodomys hibbardi","species","45824","Blancan","","4.9","1.8","3791"
"194329","occ","","","19931","Perognathus pearlettensis","species","50219","Blancan","","4.9","1.8","1860"
"194330","occ","","","19931","Perognathus rexroadensis","species","50222","Blancan","","4.9","1.8","1860"
"194427","occ","","","19936","Perognathus gidleyi","species","50204","Blancan","","4.9","1.8","1894"
"194428","occ","8816","","19936","Prodipodomys centralis","species","47711","Blancan","","4.9","1.8","6294"
"194456","occ","","","19938","Perognathus pearlettensis","species","50219","Blancan","","4.9","1.8","1876"
"194457","occ","","","19938","Prodipodomys","genus","41689","Blancan","","4.9","1.8","1876"
"194474","occ","8829","","19940","Prodipodomys centralis","species","47711","Blancan","","4.9","1.8","6294"
"194514","occ","","","19942","Perognathus pearlettensis","species","50219","Blancan","","4.9","1.8","1460"
"194515","occ","","","19942","Prodipodomys","genus","41689","Blancan","","4.9","1.8","1460"
"194537","occ","","","19943","Perognathus pearlettensis","species","50219","Blancan","","4.9","1.8","1460"
"194568","occ","","","19945","Prodipodomys","genus","41689","Blancan","","4.9","1.8","1460"
"194755","occ","","","19965","Prodipodomys","genus","41689","Blancan","","4.9","1.8","2886"
"194941","occ","","","20017","Prodipodomys","genus","41689","Blancan","","4.9","1.8","2886"
"194942","occ","8943","","20017","Dipodomys gidleyi","species","45823","Blancan","","4.9","1.8","6294"
"194943","occ","","","20017","Oregonomys sargenti","species","50223","Blancan","","4.9","1.8","2886"
"194978","occ","","","20023","Perognathus rexroadensis","species","50222","Blancan","","4.9","1.8","1309"
"194979","occ","","","20023","Perognathus pearlettensis","species","50219","Blancan","","4.9","1.8","1309"
"194980","occ","","","20023","Prodipodomys centralis","species","47711","Blancan","","4.9","1.8","1309"
"195021","occ","","","20030","Perognathus rexroadensis","species","50222","Blancan","","4.9","1.8","1309"
"195022","occ","","","20030","Perognathus pearlettensis","species","50219","Blancan","","4.9","1.8","1309"
"195023","occ","","","20030","Prodipodomys centralis","species","47711","Blancan","","4.9","1.8","1309"
"195044","occ","","","20032","Perognathus rexroadensis","species","50222","Blancan","","4.9","1.8","1309"
"195045","occ","","","20032","Perognathus pearlettensis","species","50219","Blancan","","4.9","1.8","1309"
"195168","occ","","","20053","Prodipodomys","genus","41689","Blancan","","4.9","1.8","928"
"195200","occ","","","20060","Perognathus carpenteri","species","50194","Blancan","","4.9","1.8","6330"
"195201","occ","","","20060","Perognathus rexroadensis","species","50222","Blancan","","4.9","1.8","6330"
"195202","occ","","","20060","Perognathus pearlettensis","species","50219","Blancan","","4.9","1.8","6330"
"195203","occ","","","20060","Prodipodomys centralis","species","47711","Blancan","","4.9","1.8","6330"
"195250","occ","","","20062","Prodipodomys","genus","41689","Blancan","","4.9","1.8","1327"
"195319","occ","","","20069","Prodipodomys","genus","41689","Blancan","","4.9","1.8","2249"
"195415","occ","","","20093","Dipodomys","genus","41678","Blancan","","4.9","1.8","1186"
"195424","occ","","","20095","Dipodomys","genus","41678","Blancan","","4.9","1.8","1186"
"195435","occ","","","20098","Dipodomys compactus","species","45821","Blancan","","4.9","1.8","1186"
"195436","occ","","","20098","Dipodomys hibbardi","species","45824","Blancan","","4.9","1.8","1186"
"195444","occ","","","20099","Dipodomys","genus","41678","Blancan","","4.9","1.8","1186"
"195457","occ","","","20102","Dipodomys","genus","41678","Blancan","","4.9","1.8","1186"
"195470","occ","","","20104","Dipodomys compactus","species","45821","Blancan","","4.9","1.8","1186"
"195493","occ","","","20106","Dipodomys","genus","41678","Blancan","","4.9","1.8","1186"
"195494","occ","","","20106","Dipodomys","genus","41678","Blancan","","4.9","1.8","1186"
"195508","occ","","","20107","Dipodomys","genus","41678","Blancan","","4.9","1.8","1186"
"195509","occ","","","20107","Dipodomys compactus","species","45821","Blancan","","4.9","1.8","1186"
"195515","occ","","","20108","Dipodomys","genus","41678","Blancan","","4.9","1.8","1186"
"195516","occ","","","20108","Dipodomys compactus","species","45821","Blancan","","4.9","1.8","1186"
"195517","occ","","","20108","Dipodomys hibbardi","species","45824","Blancan","","4.9","1.8","1186"
"195518","occ","9074","","20108","Dipodomys minor","species","45829","Blancan","","4.9","1.8","6294"
"195530","occ","","","20112","Dipodomys","genus","41678","Blancan","","4.9","1.8","1186"
"195531","occ","","","20112","Dipodomys compactus","species","45821","Blancan","","4.9","1.8","1186"
"195532","occ","","","20112","Dipodomys hibbardi","species","45824","Blancan","","4.9","1.8","1186"
"195533","occ","","","20112","Dipodomys","genus","41678","Blancan","","4.9","1.8","1186"
"195577","occ","","","20115","Dipodomys compactus","species","45821","Blancan","","4.9","1.8","1186"
"195578","occ","","","20115","Dipodomys hibbardi","species","45824","Blancan","","4.9","1.8","1186"
"195593","occ","","","20116","Dipodomys hibbardi","species","45824","Blancan","","4.9","1.8","1186"
"195628","occ","","","20118","Dipodomys compactus","species","45821","Blancan","","4.9","1.8","1186"
"195677","occ","","","20120","Dipodomys","genus","41678","Blancan","","4.9","1.8","1186"
"195678","occ","","","20120","Dipodomys","genus","41678","Blancan","","4.9","1.8","1186"
"195735","occ","","","20122","Dipodomys compactus","species","45821","Blancan","","4.9","1.8","1186"
"195767","occ","","","20123","Dipodomys","genus","41678","Irvingtonian","","1.8","0.3","1186"
"195768","occ","","","20123","Dipodomys compactus","species","45821","Irvingtonian","","1.8","0.3","1186"
"195792","occ","","","20124","Dipodomys","genus","41678","Irvingtonian","","1.8","0.3","1186"
"195793","occ","","","20124","Dipodomys","genus","41678","Irvingtonian","","1.8","0.3","1186"
"195823","occ","","","20125","Dipodomys","genus","41678","Irvingtonian","","1.8","0.3","1186"
"195824","occ","","","20125","Dipodomys compactus","species","45821","Irvingtonian","","1.8","0.3","1186"
"195825","occ","","","20125","Dipodomys","genus","41678","Irvingtonian","","1.8","0.3","1186"
"195856","occ","","","20126","Dipodomys","genus","41678","Irvingtonian","","1.8","0.3","1186"
"195884","occ","","","20127","Dipodomys","genus","41678","Irvingtonian","","1.8","0.3","1186"
"195885","occ","","","20127","Dipodomys compactus","species","45821","Irvingtonian","","1.8","0.3","1186"
"196008","occ","9178","","20143","Chaetodipus hispidus","species","50207","Irvingtonian","","1.8","0.3","6294"
"196009","occ","","","20143","Dipodomys","genus","41678","Irvingtonian","","1.8","0.3","2419"
"196047","occ","","","20146","Dipodomys ordii","species","45830","Irvingtonian","Rancholabrean","1.8","0.012","2018"
"196120","occ","9203","","20157","Chaetodipus hispidus","species","50207","Irvingtonian","","1.8","0.3","6294"
"196156","occ","","","20163","Dipodomys","genus","41678","Irvingtonian","","1.8","0.3","6202"
"196157","occ","","","20163","Chaetodipus hispidus","species","50207","Irvingtonian","","1.8","0.3","6202"
"196181","occ","","","20164","Dipodomys pattersoni","species","45831","Irvingtonian","","1.8","0.3","1319"
"196201","occ","9216","","20165","Chaetodipus hispidus","species","50207","Irvingtonian","","1.8","0.3","6294"
"196203","occ","","","20165","Dipodomys ordii","species","45830","Irvingtonian","","1.8","0.3","3081"
"196221","occ","9221","","20167","Chaetodipus hispidus","species","50207","Irvingtonian","","1.8","0.3","6294"
"196260","occ","","","20173","Dipodomys","genus","41678","Irvingtonian","","1.8","0.3","2893"
"196276","occ","","","20176","Dipodomys","genus","41678","Irvingtonian","","1.8","0.3","2893"
"196283","occ","","","20177","Prodipodomys","genus","41689","Irvingtonian","","1.8","0.3","2893"
"196284","occ","","","20177","Dipodomys","genus","41678","Irvingtonian","","1.8","0.3","2893"
"196296","occ","","","20178","Dipodomys","genus","41678","Irvingtonian","","1.8","0.3","2893"
"196308","occ","","","20180","Dipodomys","genus","41678","Irvingtonian","","1.8","0.3","2725"
"196314","occ","","","20181","Dipodomys","genus","41678","Irvingtonian","","1.8","0.3","2725"
"196323","occ","","","20184","Prodipodomys","genus","41689","Irvingtonian","","1.8","0.3","2725"
"196329","occ","","","20186","Dipodomys","genus","41678","Irvingtonian","","1.8","0.3","2725"
"196343","occ","","","20187","Prodipodomys","genus","41689","Irvingtonian","","1.8","0.3","2893"
"196344","occ","","","20187","Dipodomys","genus","41678","Irvingtonian","","1.8","0.3","2893"
"196364","occ","","","20189","Prodipodomys","genus","41689","Irvingtonian","","1.8","0.3","2893"
"196365","occ","","","20189","Dipodomys","genus","41678","Irvingtonian","","1.8","0.3","2893"
"196375","occ","","","20191","Dipodomys","genus","41678","Irvingtonian","","1.8","0.3","2725"
"196381","occ","","","20192","Dipodomys","genus","41678","Irvingtonian","","1.8","0.3","2725"
"196389","occ","","","20195","Dipodomys","genus","41678","Irvingtonian","","1.8","0.3","2893"
"196405","occ","","","20200","Dipodomys","genus","41678","Irvingtonian","","1.8","0.3","2725"
"196421","occ","","","20205","Dipodomys","genus","41678","Irvingtonian","","1.8","0.3","2725"
"196434","occ","","","20206","Dipodomys","genus","41678","Irvingtonian","","1.8","0.3","2725"
"196448","occ","","","20207","Dipodomys","genus","41678","Irvingtonian","","1.8","0.3","2725"
"196459","occ","","","20209","Dipodomys","genus","41678","Irvingtonian","","1.8","0.3","2725"
"196465","occ","","","20210","Dipodomys","genus","41678","Irvingtonian","","1.8","0.3","2725"
"196472","occ","","","20211","Dipodomys","genus","41678","Irvingtonian","","1.8","0.3","2725"
"196479","occ","","","20212","Dipodomys","genus","41678","Irvingtonian","","1.8","0.3","2725"
"196490","occ","","","20214","Dipodomys","genus","41678","Irvingtonian","","1.8","0.3","2725"
"196498","occ","","","20216","Dipodomys","genus","41678","Irvingtonian","","1.8","0.3","2725"
"196512","occ","","","20220","Dipodomys","genus","41678","Irvingtonian","","1.8","0.3","2725"
"196517","occ","","","20223","Dipodomys","genus","41678","Irvingtonian","","1.8","0.3","2725"
"196530","occ","","","20230","Dipodomys","genus","41678","Irvingtonian","","1.8","0.3","2725"
"196534","occ","","","20232","Dipodomys","genus","41678","Irvingtonian","","1.8","0.3","2725"
"196538","occ","","","20233","Dipodomys","genus","41678","Irvingtonian","","1.8","0.3","2725"
"196544","occ","","","20234","Dipodomys","genus","41678","Irvingtonian","","1.8","0.3","2725"
"196566","occ","","","20241","Prodipodomys","genus","41689","Irvingtonian","","1.8","0.3","2725"
"196576","occ","","","20244","Dipodomys","genus","41678","Irvingtonian","","1.8","0.3","2725"
"196581","occ","","","20245","Dipodomys","genus","41678","Irvingtonian","","1.8","0.3","2725"
"196594","occ","","","20248","Dipodomys","genus","41678","Irvingtonian","","1.8","0.3","2725"
"196599","occ","","","20249","Dipodomys","genus","41678","Irvingtonian","","1.8","0.3","2725"
"196602","occ","","","20251","Dipodomys","genus","41678","Irvingtonian","","1.8","0.3","2725"
"196923","occ","9370","","20295","Chaetodipus hispidus","species","50207","Irvingtonian","","1.8","0.3","6294"
"196925","occ","","","20295","Dipodomys ordii","species","45830","Irvingtonian","","1.8","0.3","1907"
"196972","occ","","","20298","Dipodomys","genus","41678","Blancan","Irvingtonian","4.9","0.3","2725"
"197243","occ","9435","","20318","Chaetodipus hispidus","species","50207","Irvingtonian","","1.8","0.3","6294"
"197274","occ","","","20319","Dipodomys","genus","41678","Irvingtonian","","1.8","0.3","939"
"197362","occ","","","20327","Dipodomys","genus","41678","Irvingtonian","","1.8","0.3","1400"
"197387","occ","9458","","20332","Chaetodipus hispidus","species","50207","Irvingtonian","","1.8","0.3","6294"
"197429","occ","9468","","20341","Dipodomys gidleyi","species","45823","Irvingtonian","","1.8","0.3","2040"
"197472","occ","9489","","20344","Dipodomys gidleyi","species","45823","Irvingtonian","","1.8","0.3","6294"
"197660","occ","","","20360","Dipodomys ordii","species","45830","Middle Pleistocene","","0.781","0.126","2939"
"197713","occ","","","20374","Dipodomys","genus","41678","Irvingtonian","","1.8","0.3","2891"
"197880","occ","","","20389","Prodipodomys idahoensis","species","50759","Irvingtonian","","1.8","0.3","2441"
"197908","occ","9590","","20390","Chaetodipus hispidus","species","50207","Irvingtonian","","1.8","0.3","6294"
"197939","occ","9597","","20391","Chaetodipus hispidus","species","50207","Irvingtonian","","1.8","0.3","6294"
"198101","occ","","","20413","Dipodomys","genus","41678","Irvingtonian","","1.8","0.3","6202"
"198214","occ","","","20427","Perognathus gidleyi","species","50204","Irvingtonian","","1.8","0.3","1463"
"198215","occ","","","20427","Perognathus pearlettensis","species","50219","Irvingtonian","","1.8","0.3","1463"
"198300","occ","","","20442","Prodipodomys idahoensis","species","50759","Irvingtonian","","1.8","0.3","2887"
"198359","occ","","","20454","Dipodomys","genus","41678","Irvingtonian","","1.8","0.3","2725"
"198385","occ","","","20460","Dipodomys","genus","41678","Irvingtonian","","1.8","0.3","2725"
"198401","occ","","","20464","Dipodomys","genus","41678","Irvingtonian","","1.8","0.3","2725"
"198413","occ","","","20470","Dipodomys","genus","41678","Irvingtonian","","1.8","0.3","2725"
"198420","occ","","","20472","Dipodomys","genus","41678","Irvingtonian","","1.8","0.3","2725"
"198836","occ","","","20515","Dipodomys merriami","species","45828","Irvingtonian","","1.8","0.3","2879"
"198837","occ","","","20515","Dipodomys deserti","species","45822","Irvingtonian","","1.8","0.3","2879"
"198896","occ","","","20523","Perognathus pearlettensis","species","50219","Irvingtonian","","1.8","0.3","2431"
"198927","occ","","","20528","Dipodomys","genus","41678","Irvingtonian","","1.8","0.3","2887"
"198947","occ","9785","","20530","Chaetodipus hispidus","species","50207","Irvingtonian","","1.8","0.3","6294"
"198948","occ","","","20530","Perognathus","genus","41688","Irvingtonian","","1.8","0.3","6202"
"198949","occ","9786","","20530","Dipodomys","genus","41678","Irvingtonian","","1.8","0.3","6202"
"199005","occ","","","20542","Dipodomys","genus","41678","Irvingtonian","Rancholabrean","1.8","0.012","2018"
"199138","occ","9827","","20560","Chaetodipus hispidus","species","50207","Irvingtonian","","1.8","0.3","6202"
"199551","occ","9876","","20605","Chaetodipus hispidus","species","50207","Late Pleistocene","","0.126","0.0117","6294"
"199553","occ","","","20605","Dipodomys ordii","species","45830","Late Pleistocene","","0.126","0.0117","1907"
"199572","occ","","","20607","Dipodomys","genus","41678","Late Pleistocene","","0.126","0.0117","2018"
"199666","occ","9892","","20617","Chaetodipus hispidus","species","50207","Late Pleistocene","","0.126","0.0117","6294"
"199677","occ","","","20619","Dipodomys","genus","41678","Late Pleistocene","","0.126","0.0117","1793"
"199700","occ","","","20622","Dipodomys","genus","41678","Late Pleistocene","","0.126","0.0117","2018"
"199712","occ","9897","","20623","Chaetodipus formosus","species","50202","Late Pleistocene","","0.126","0.0117","6294"
"199713","occ","","","20623","Dipodomys agilis","species","45820","Late Pleistocene","","0.126","0.0117","2018"
"199794","occ","","","20633","Dipodomys","genus","41678","Late Pleistocene","","0.126","0.0117","3477"
"199945","occ","","","20644","Heteromyidae","family","41673","Late Pleistocene","","0.126","0.0117","2018"
"270974","occ","","","26019","Stratimus strobeli","species","51825","Hemingfordian","","20.43","15.97","2152"
"277264","occ","","","26548","Perognathus","genus","41688","Irvingtonian","","1.8","0.3","7291"
"287256","occ","","","18165","Cupidinimus","genus","41676","Barstovian","","15.97","13.6","7564"
"287257","occ","10122","","18165","Diprionomys agrarius","species","45848","Barstovian","","15.97","13.6","2132"
"287813","occ","","","27481","Cupidinimus","genus","41676","Barstovian","","15.97","13.6","733"
"295241","occ","","","28221","Dipodomys","genus","41678","Irvingtonian","","1.8","0.3","7718"
"295256","occ","","","28223","Dipodomys","genus","41678","Irvingtonian","","1.8","0.3","7718"
"295302","occ","","","28237","Perognathus","genus","41688","Blancan","","4.9","1.8","7756"
"393058","occ","","","37802","Perognathus","genus","41688","Late Clarendonian","","13.6","10.3","10078"
"536637","occ","","","55530","Heteromyidae","family","41673","Burdigalian","","20.44","15.97","14997"
"599802","occ","","","63711","Heteromyidae","family","41673","Holocene","","0.0117","0","18308"
"599808","occ","","","63710","Dipodomys","genus","41678","Holocene","","0.0117","0","18308"
"599809","occ","","","63710","Heteromyidae","family","41673","Holocene","","0.0117","0","18308"
"599828","occ","","","63708","Dipodomys merriami","species","45828","Holocene","","0.0117","0","18308"
"599829","occ","","","63708","Dipodomys","genus","41678","Holocene","","0.0117","0","18308"
"599830","occ","","","63708","Heteromyidae","family","41673","Holocene","","0.0117","0","18308"
"599849","occ","","","63724","Dipodomys","genus","41678","Holocene","","0.0117","0","18307"
"599850","occ","","","63724","Heteromyidae","family","41673","Holocene","","0.0117","0","18307"
"599862","occ","","","63723","Heteromyidae","family","41673","Holocene","","0.0117","0","18307"
"599912","occ","","","63715","Dipodomys merriami","species","45828","Holocene","","0.0117","0","18307"
"599932","occ","","","63725","Heteromyidae","family","41673","Holocene","","0.0117","0","18307"
"647055","occ","","","17709","Proharrymys fedti","species","50772","Geringian","","30.8","26.3","19303"
"647056","occ","31387","","17709","Proharrymys wahlerti","species","322048","Geringian","","30.8","26.3","55528"
"647057","occ","","","17709","Proharrymys schlaikjeri","species","46829","Geringian","","30.8","26.3","19303"
"647076","occ","","","67637","Proheteromys","genus","41690","Monroecreekian","","26.3","24.8","19303"
"647083","occ","","","67637","Schizodontomys harkseni","species","46719","Monroecreekian","","26.3","24.8","19303"
"647088","occ","","","67638","Proheteromys","genus","41690","Harrisonian","","24.8","20.43","19303"
"648260","occ","","","28043","Mookomys","genus","41685","Harrisonian","","24.8","20.43","19303"
"648294","occ","","","17843","Cupidinimus","genus","41676","Harrisonian","","24.8","20.43","19303"
"648716","occ","","","69806","Proheteromys","genus","41690","Harrisonian","","24.8","20.43","19303"
"648724","occ","","","69806","Mookomys","genus","41685","Harrisonian","","24.8","20.43","19303"
"648725","occ","","","69806","Dikkomys matthewi","species","45737","Harrisonian","","24.8","20.43","19303"
"648733","occ","","","69807","Proheteromys","genus","41690","Harrisonian","","24.8","20.43","19303"
"648737","occ","","","69807","Schizodontomys harkseni","species","46719","Harrisonian","","24.8","20.43","19303"
"648739","occ","","","69807","Harrymys","genus","41681","Harrisonian","","24.8","20.43","19303"
"648750","occ","","","69808","Proheteromys","genus","41690","Early Hemingfordian","","20.43","15.97","19303"
"648751","occ","","","69808","Mookomys","genus","41685","Early Hemingfordian","","20.43","15.97","19303"
"648752","occ","","","69808","Schizodontomys amnicolus","species","51447","Early Hemingfordian","","20.43","15.97","19303"
"648753","occ","","","69808","Stratimus strobeli","species","51825","Early Hemingfordian","","20.43","15.97","19303"
"648754","occ","","","69808","Harrymys magnus","species","50779","Early Hemingfordian","","20.43","15.97","19303"
"648764","occ","","","69915","Proheteromys","genus","41690","Early Hemingfordian","","20.43","15.97","19303"
"648765","occ","","","69915","Schizodontomys amnicolus","species","51447","Early Hemingfordian","","20.43","15.97","19303"
"648766","occ","","","69915","Harrymys magnus","species","50779","Early Hemingfordian","","20.43","15.97","19303"
"648773","occ","","","69916","Mookomys","genus","41685","Early Hemingfordian","","20.43","15.97","19303"
"648774","occ","","","69916","Stratimus","genus","41692","Early Hemingfordian","","20.43","15.97","19303"
"648775","occ","","","69916","Dikkomys matthewi","species","45737","Early Hemingfordian","","20.43","15.97","19303"
"648782","occ","","","26019","Harrymys magnus","species","50779","Hemingfordian","","20.43","15.97","19303"
"648788","occ","","","17892","Proheteromys","genus","41690","Hemingfordian","","20.43","15.97","19303"
"648789","occ","","","17892","Harrymys magnus","species","50779","Hemingfordian","","20.43","15.97","19303"
"648807","occ","","","17963","Proheteromys","genus","41690","Hemingfordian","","20.43","15.97","19303"
"648808","occ","","","17963","Schizodontomys amnicolus","species","51447","Hemingfordian","","20.43","15.97","19303"
"648819","occ","","","17889","Proheteromys","genus","41690","Late Hemingfordian","","20.43","15.97","19303"
"648820","occ","","","17889","Peridiomys rusticus","species","50165","Late Hemingfordian","","20.43","15.97","19303"
"648821","occ","","","17889","Schizodontomys","genus","41691","Late Hemingfordian","","20.43","15.97","19303"
"648961","occ","","","20540","Dipodomys","genus","41678","Blancan","","4.9","1.8","23541"
"661465","occ","","","71263","Dipodomys","genus","41678","Late Pleistocene","Holocene","0.126","0","24053"
"661466","occ","","","71263","Perognathus","genus","41688","Late Pleistocene","Holocene","0.126","0","24053"
"661499","occ","","","71264","Chaetodipus hispidus","species","50207","Late Pleistocene","","0.126","0.0117","24062"
"661500","occ","","","71264","Perognathus huastecensis","species","160969","Late Pleistocene","","0.126","0.0117","24062"
"661501","occ","","","71264","Liomys irroratus","species","46953","Late Pleistocene","","0.126","0.0117","24062"
"661873","occ","","","71308","Liomys irroratus","species","46953","Late Pleistocene","","0.126","0.0117","24035"
"662208","occ","","","71345","Liomys irroratus","species","46953","Late Pleistocene","","0.126","0.0117","24078"
"691196","occ","","","74473","Chaetodipus hispidus","species","50207","Late Pleistocene","","0.126","0.0117","1326"
"691197","occ","","","74473","Perognathus","genus","41688","Late Pleistocene","","0.126","0.0117","1326"
"691198","occ","","","74473","Perognathus flavus","species","50200","Late Pleistocene","","0.126","0.0117","1326"
"691199","occ","","","74473","Dipodomys ordii","species","45830","Late Pleistocene","","0.126","0.0117","1326"
"691200","occ","","","74473","Dipodomys merriami","species","45828","Late Pleistocene","","0.126","0.0117","1326"
"691201","occ","","","74473","Dipodomys spectabilis","species","45832","Late Pleistocene","","0.126","0.0117","1326"
"691235","occ","","","74474","Chaetodipus hispidus","species","50207","Holocene","","0.0117","0","1326"
"691236","occ","","","74474","Perognathus flavus","species","50200","Holocene","","0.0117","0","1326"
"691237","occ","","","74474","Dipodomys ordii","species","45830","Holocene","","0.0117","0","1326"
"691238","occ","","","74474","Dipodomys merriami","species","45828","Holocene","","0.0117","0","1326"
"691239","occ","","","74474","Dipodomys spectabilis","species","45832","Holocene","","0.0117","0","1326"
"709936","occ","","","76059","Perognathus","genus","41688","Late Pleistocene","","0.126","0.0117","25748"
"709937","occ","","","76059","Perognathus","genus","41688","Late Pleistocene","","0.126","0.0117","25748"
"709938","occ","","","76059","Dipodomys","genus","41678","Late Pleistocene","","0.126","0.0117","25748"
"710015","occ","","","76060","Perognathus flavus","species","50200","Late Pleistocene","","0.126","0.0117","25748"
"710031","occ","","","76060","Perognathus","genus","41688","Late Pleistocene","","0.126","0.0117","25748"
"710032","occ","","","76060","Dipodomys spectabilis","species","45832","Late Pleistocene","","0.126","0.0117","25748"
"740579","occ","","","79632","Chaetodipus hispidus","species","50207","Late Pleistocene","","0.126","0.0117","26750"
"839032","occ","","","93140","Dipodomys","genus","41678","Late Pleistocene","","0.126","0.0117","31471"
"839033","occ","","","93140","Perognathus","genus","41688","Late Pleistocene","","0.126","0.0117","31471"
"839066","occ","","","93141","Perognathus flavus","species","50200","Late Pleistocene","","0.126","0.0117","31472"
"839067","occ","","","93141","Chaetodipus intermedius","species","50209","Late Pleistocene","","0.126","0.0117","31472"
"839068","occ","","","93141","Dipodomys ordii","species","45830","Late Pleistocene","","0.126","0.0117","31472"
"839069","occ","","","93141","Dipodomys spectabilis","species","45832","Late Pleistocene","","0.126","0.0117","31472"
"839070","occ","","","93141","Dipodomys merriami","species","45828","Late Pleistocene","","0.126","0.0117","31472"
"841259","occ","","","93258","Chaetodipus intermedius","species","50209","Pleistocene","Holocene","2.588","0","31531"
"841428","occ","","","93281","Dipodomys ordii montanus","subspecies","161539","Late Pleistocene","","0.126","0.0117","31547"
"841696","occ","","","93326","Chaetodipus formosus","species","50202","Late Pleistocene","Holocene","0.126","0","31567"
"841698","occ","","","93326","Dipodomys microps","species","161715","Late Pleistocene","Holocene","0.126","0","31567"
"841952","occ","22694","","93374","Perognathus","genus","41688","Late Pleistocene","Holocene","0.126","0","31458"
"841953","occ","","","93374","Dipodomys spectabilis","species","45832","Late Pleistocene","Holocene","0.126","0","31595"
"847951","occ","","","94334","Metaliomys sevierensis","species","163517","Hemphillian","","10.3","4.9","32080"
"847952","occ","","","94334","Diprionomys minimus","species","46117","Hemphillian","","10.3","4.9","32080"
"847956","occ","","","19095","Diprionomys minimus","species","46117","Hemphillian","","10.3","4.9","32080"
"1202951","occ","","","144879","Proheteromys","genus","41690","Early Hemingfordian","","20.43","15.97","50863"
"1207911","occ","","","18803","Cupidinimus halli","species","50181","Early Barstovian","","15.97","13.6","51386"
"1263571","occ","","","167827","Schizodontomys","genus","41691","late Late Arikareean","","30.8","20.43","54866"
"1263576","occ","","","167828","Schizodontomys","genus","41691","late Late Arikareean","","30.8","20.43","54866"
"1263617","occ","","","167832","Proheteromys","genus","41690","late Late Arikareean","","30.8","20.43","54866"
"1263618","occ","","","167832","Schizodontomys","genus","41691","late Late Arikareean","","30.8","20.43","54866"
"1263638","occ","","","167839","Schizodontomys","genus","41691","late Late Arikareean","","30.8","20.43","54866"
"1263647","occ","","","167840","Cupidinimus lindsayi","species","45392","Early Hemingfordian","","20.43","15.97","54866"
"1263678","occ","","","167842","Cupidinimus lindsayi","species","45392","Early Hemingfordian","","20.43","15.97","54866"
"1263684","occ","","","167843","Proheteromys","genus","41690","late Late Arikareean","","30.8","20.43","54866"
"1263685","occ","","","167843","Schizodontomys","genus","41691","late Late Arikareean","","30.8","20.43","54866"
"1263688","occ","","","167844","Proheteromys","genus","41690","Early Hemingfordian","","20.43","15.97","54210"
"1263689","occ","","","167844","Schizodontomys","genus","41691","Early Hemingfordian","","20.43","15.97","54210"
"1263692","occ","","","167845","Cupidinimus lindsayi","species","45392","Early Hemingfordian","","20.43","15.97","54210"
"1263693","occ","","","167845","Proheteromys","genus","41690","Early Hemingfordian","","20.43","15.97","54210"
"1263694","occ","","","167845","Schizodontomys","genus","41691","Early Hemingfordian","","20.43","15.97","54210"
"1263700","occ","","","167847","Proheteromys","genus","41690","early Early Arikareean","","30.8","20.43","54866"
"1263707","occ","","","167848","Schizodontomys","genus","41691","late Late Arikareean","","30.8","20.43","54866"
"1263714","occ","","","167849","Schizodontomys","genus","41691","late Late Arikareean","","30.8","20.43","54866"
"1263719","occ","","","167850","Proheteromys","genus","41690","late Late Arikareean","","30.8","20.43","54866"
"1263720","occ","","","167850","Schizodontomys","genus","41691","late Late Arikareean","","30.8","20.43","54866"
"1263725","occ","","","167851","Schizodontomys","genus","41691","late Late Arikareean","","30.8","20.43","54866"
"1263730","occ","","","167852","Proheteromys","genus","41690","late Late Arikareean","","30.8","20.43","54866"
"1263731","occ","","","167852","Schizodontomys","genus","41691","late Late Arikareean","","30.8","20.43","54866"
"1263740","occ","","","167853","Schizodontomys","genus","41691","late Late Arikareean","","30.8","20.43","54866"
"1263744","occ","","","167854","Schizodontomys","genus","41691","late Late Arikareean","","30.8","20.43","54866"
"1263747","occ","","","167855","Schizodontomys","genus","41691","late Late Arikareean","","30.8","20.43","54866"
"1263753","occ","","","167856","Schizodontomys","genus","41691","late Late Arikareean","","30.8","20.43","54866"
"1264696","occ","","","36856","Schizodontomys","genus","41691","early Late Arikareean","","30.8","20.43","9853"
"1281532","occ","","","170168","Proharrymys wahlerti","species","322048","Whitneyan","","33.3","30.8","55534"
"1281590","occ","","","170191","Perognathus","genus","41688","Hemphillian","","10.3","4.9","55527"
"1282375","occ","","","170308","Schizodontomys greeni","species","51448","late Late Arikareean","","30.8","20.43","9853"
"1307619","occ","","","175251","Proharrymys","genus","322044","Arikareean","","30.8","20.43","57274"
"1307620","occ","","","175251","Proheteromys","genus","41690","Arikareean","","30.8","20.43","57274"
"1317387","occ","","","17976","Mookomys","genus","41685","Early Barstovian","","15.97","13.6","58390"
"1317388","occ","","","17976","Mioheteromys subterior","species","337670","Early Barstovian","","15.97","13.6","58390"
"1321767","occ","","","19233","Proheteromys sulculus","species","50785","Miocene","","23.03","5.333","58824"
"1343149","occ","","","181731","Heteromyidae","family","41673","Barstovian","","15.97","13.6","60424"
"1353035","occ","","","183460","Dipodomys","genus","41678","Rancholabrean","","0.3","0.012","61266"
